DRUG	C0585362	TARGET	DB00002	1
DRUG	C0280324	TARGET	DB00002	1
DRUG	C0007102	TARGET	DB00002	1
DRUG	C0007102	TARGET	DB00432	1
DRUG	C0007102	TARGET	DB00544	1
DRUG	C0007102	TARGET	DB09343	1
DRUG	C0010674	TARGET	DB00003	1
DRUG	C0010674	TARGET	DB00742	1
DRUG	C0079773	TARGET	DB00004	1
DRUG	C0079773	TARGET	DB00223	1
DRUG	C0079773	TARGET	DB00240	1
DRUG	C0079773	TARGET	DB00288	1
DRUG	C0079773	TARGET	DB00307	1
DRUG	C0079773	TARGET	DB00443	1
DRUG	C0079773	TARGET	DB00547	1
DRUG	C0079773	TARGET	DB00553	1
DRUG	C0079773	TARGET	DB00588	1
DRUG	C0079773	TARGET	DB00591	1
DRUG	C0079773	TARGET	DB00596	1
DRUG	C0079773	TARGET	DB00620	1
DRUG	C0079773	TARGET	DB00635	1
DRUG	C0079773	TARGET	DB00663	1
DRUG	C0079773	TARGET	DB00741	1
DRUG	C0079773	TARGET	DB00764	1
DRUG	C0079773	TARGET	DB00838	1
DRUG	C0079773	TARGET	DB00846	1
DRUG	C0079773	TARGET	DB00860	1
DRUG	C0079773	TARGET	DB00888	1
DRUG	C0079773	TARGET	DB00959	1
DRUG	C0079773	TARGET	DB01047	1
DRUG	C0079773	TARGET	DB01130	1
DRUG	C0079773	TARGET	DB01234	1
DRUG	C0079773	TARGET	DB01260	1
DRUG	C0079773	TARGET	DB01380	1
DRUG	C0079773	TARGET	DB02546	1
DRUG	C0079773	TARGET	DB06176	1
DRUG	C0079773	TARGET	DB06603	1
DRUG	C0079773	TARGET	DB06786	1
DRUG	C0003873	TARGET	DB00005	1
DRUG	C0003873	TARGET	DB00026	1
DRUG	C0003873	TARGET	DB00051	1
DRUG	C0003873	TARGET	DB00065	1
DRUG	C0003873	TARGET	DB00073	1
DRUG	C0003873	TARGET	DB00091	1
DRUG	C0003873	TARGET	DB00328	1
DRUG	C0003873	TARGET	DB00443	1
DRUG	C0003873	TARGET	DB00461	1
DRUG	C0003873	TARGET	DB00482	1
DRUG	C0003873	TARGET	DB00500	1
DRUG	C0003873	TARGET	DB00554	1
DRUG	C0003873	TARGET	DB00563	1
DRUG	C0003873	TARGET	DB00573	1
DRUG	C0003873	TARGET	DB00586	1
DRUG	C0003873	TARGET	DB00605	1
DRUG	C0003873	TARGET	DB00608	1
DRUG	C0003873	TARGET	DB00620	1
DRUG	C0003873	TARGET	DB00635	1
DRUG	C0003873	TARGET	DB00712	1
DRUG	C0003873	TARGET	DB00741	1
DRUG	C0003873	TARGET	DB00749	1
DRUG	C0003873	TARGET	DB00788	1
DRUG	C0003873	TARGET	DB00795	1
DRUG	C0003873	TARGET	DB00814	1
DRUG	C0003873	TARGET	DB00859	1
DRUG	C0003873	TARGET	DB00860	1
DRUG	C0003873	TARGET	DB00861	1
DRUG	C0003873	TARGET	DB00936	1
DRUG	C0003873	TARGET	DB00939	1
DRUG	C0003873	TARGET	DB00945	1
DRUG	C0003873	TARGET	DB00959	1
DRUG	C0003873	TARGET	DB00991	1
DRUG	C0003873	TARGET	DB00993	1
DRUG	C0003873	TARGET	DB00995	1
DRUG	C0003873	TARGET	DB01009	1
DRUG	C0003873	TARGET	DB01050	1
DRUG	C0003873	TARGET	DB01097	1
DRUG	C0003873	TARGET	DB01234	1
DRUG	C0003873	TARGET	DB01281	1
DRUG	C0003873	TARGET	DB01356	1
DRUG	C0003873	TARGET	DB01380	1
DRUG	C0003873	TARGET	DB01397	1
DRUG	C0003873	TARGET	DB01399	1
DRUG	C0003873	TARGET	DB01600	1
DRUG	C0003873	TARGET	DB01611	1
DRUG	C0003873	TARGET	DB06273	1
DRUG	C0003873	TARGET	DB06674	1
DRUG	C0003873	TARGET	DB08880	1
DRUG	C0003873	TARGET	DB08895	1
DRUG	C0003873	TARGET	DB08904	1
DRUG	C0003873	TARGET	DB09212	1
DRUG	C0003873	TARGET	DB09213	1
DRUG	C0003873	TARGET	DB09276	1
DRUG	C3495559	TARGET	DB00005	1
DRUG	C3495559	TARGET	DB00051	1
DRUG	C3495559	TARGET	DB01281	1
DRUG	C0003872	TARGET	DB00005	1
DRUG	C0003872	TARGET	DB00051	1
DRUG	C0003872	TARGET	DB00065	1
DRUG	C0003872	TARGET	DB00443	1
DRUG	C0003872	TARGET	DB00620	1
DRUG	C0003872	TARGET	DB00635	1
DRUG	C0003872	TARGET	DB00741	1
DRUG	C0003872	TARGET	DB00860	1
DRUG	C0003872	TARGET	DB00959	1
DRUG	C0003872	TARGET	DB01097	1
DRUG	C0003872	TARGET	DB01234	1
DRUG	C0003872	TARGET	DB01380	1
DRUG	C0003872	TARGET	DB05676	1
DRUG	C0003872	TARGET	DB05679	1
DRUG	C0003872	TARGET	DB06674	1
DRUG	C0003872	TARGET	DB08880	1
DRUG	C0003872	TARGET	DB08904	1
DRUG	C0038013	TARGET	DB00005	1
DRUG	C0038013	TARGET	DB00051	1
DRUG	C0038013	TARGET	DB00065	1
DRUG	C0038013	TARGET	DB00328	1
DRUG	C0038013	TARGET	DB00443	1
DRUG	C0038013	TARGET	DB00482	1
DRUG	C0038013	TARGET	DB00586	1
DRUG	C0038013	TARGET	DB00605	1
DRUG	C0038013	TARGET	DB00620	1
DRUG	C0038013	TARGET	DB00635	1
DRUG	C0038013	TARGET	DB00741	1
DRUG	C0038013	TARGET	DB00788	1
DRUG	C0038013	TARGET	DB00860	1
DRUG	C0038013	TARGET	DB00959	1
DRUG	C0038013	TARGET	DB01234	1
DRUG	C0038013	TARGET	DB01380	1
DRUG	C0038013	TARGET	DB06674	1
DRUG	C0038013	TARGET	DB08904	1
DRUG	C0034013	TARGET	DB00007	1
DRUG	C0034013	TARGET	DB00666	1
DRUG	C0034013	TARGET	DB06788	1
DRUG	C0014175	TARGET	DB00007	1
DRUG	C0014175	TARGET	DB00014	1
DRUG	C0014175	TARGET	DB00302	1
DRUG	C0014175	TARGET	DB00396	1
DRUG	C0014175	TARGET	DB00603	1
DRUG	C0014175	TARGET	DB00666	1
DRUG	C0014175	TARGET	DB00717	1
DRUG	C0014175	TARGET	DB01357	1
DRUG	C0014175	TARGET	DB01406	1
DRUG	C0524910	TARGET	DB00008	1
DRUG	C0524910	TARGET	DB00022	1
DRUG	C0524910	TARGET	DB00503	1
DRUG	C0524910	TARGET	DB00811	1
DRUG	C0524910	TARGET	DB05521	1
DRUG	C0524910	TARGET	DB06290	1
DRUG	C0524910	TARGET	DB08873	1
DRUG	C0524910	TARGET	DB08934	1
DRUG	C0524910	TARGET	DB09027	1
DRUG	C0524910	TARGET	DB09102	1
DRUG	C0524910	TARGET	DB09183	1
DRUG	C0524910	TARGET	DB09296	1
DRUG	C0524910	TARGET	DB09297	1
DRUG	C0524910	TARGET	DB11574	1
DRUG	C0524910	TARGET	DB11575	1
DRUG	C0524909	TARGET	DB00008	1
DRUG	C0524909	TARGET	DB00300	1
DRUG	C0524909	TARGET	DB00442	1
DRUG	C0524909	TARGET	DB00709	1
DRUG	C0524909	TARGET	DB00718	1
DRUG	C0524909	TARGET	DB01265	1
DRUG	C0948008	TARGET	DB00009	1
DRUG	C0034065	TARGET	DB00009	1
DRUG	C0034065	TARGET	DB00013	1
DRUG	C0034065	TARGET	DB09075	1
DRUG	C0034065	TARGET	DB09258	1
DRUG	C0013338	TARGET	DB00010	1
DRUG	C0013338	TARGET	DB00052	1
DRUG	C0029458	TARGET	DB00017	1
DRUG	C0029458	TARGET	DB00153	1
DRUG	C0029458	TARGET	DB00169	1
DRUG	C0029458	TARGET	DB00399	1
DRUG	C0029458	TARGET	DB00481	1
DRUG	C0029458	TARGET	DB00630	1
DRUG	C0029458	TARGET	DB00710	1
DRUG	C0029458	TARGET	DB00884	1
DRUG	C0029458	TARGET	DB06285	1
DRUG	C0029458	TARGET	DB06401	1
DRUG	C0029458	TARGET	DB06643	1
DRUG	C0029458	TARGET	DB09267	1
DRUG	C0029401	TARGET	DB00017	1
DRUG	C0029401	TARGET	DB00282	1
DRUG	C0029401	TARGET	DB00399	1
DRUG	C0029401	TARGET	DB00630	1
DRUG	C0029401	TARGET	DB00884	1
DRUG	C0029401	TARGET	DB01077	1
DRUG	C0029401	TARGET	DB01133	1
DRUG	C0023449	TARGET	DB00023	1
DRUG	C0023449	TARGET	DB00059	1
DRUG	C0023449	TARGET	DB00309	1
DRUG	C0023449	TARGET	DB00443	1
DRUG	C0023449	TARGET	DB00444	1
DRUG	C0023449	TARGET	DB00541	1
DRUG	C0023449	TARGET	DB00563	1
DRUG	C0023449	TARGET	DB00620	1
DRUG	C0023449	TARGET	DB00631	1
DRUG	C0023449	TARGET	DB00635	1
DRUG	C0023449	TARGET	DB00694	1
DRUG	C0023449	TARGET	DB00741	1
DRUG	C0023449	TARGET	DB00860	1
DRUG	C0023449	TARGET	DB00959	1
DRUG	C0023449	TARGET	DB00987	1
DRUG	C0023449	TARGET	DB00997	1
DRUG	C0023449	TARGET	DB01033	1
DRUG	C0023449	TARGET	DB01234	1
DRUG	C0023449	TARGET	DB01380	1
DRUG	C2316212	TARGET	DB00026	1
DRUG	C2316212	TARGET	DB06168	1
DRUG	C2316212	TARGET	DB06372	1
DRUG	C0409818	TARGET	DB00026	1
DRUG	C0011854	TARGET	DB00030	1
DRUG	C0011854	TARGET	DB00046	1
DRUG	C0011854	TARGET	DB00047	1
DRUG	C0011860	TARGET	DB00030	1
DRUG	C0011860	TARGET	DB00046	1
DRUG	C0011860	TARGET	DB00047	1
DRUG	C0011860	TARGET	DB00222	1
DRUG	C0011860	TARGET	DB00284	1
DRUG	C0011860	TARGET	DB00331	1
DRUG	C0011860	TARGET	DB00491	1
DRUG	C0011860	TARGET	DB00672	1
DRUG	C0011860	TARGET	DB00731	1
DRUG	C0011860	TARGET	DB00839	1
DRUG	C0011860	TARGET	DB00912	1
DRUG	C0011860	TARGET	DB01016	1
DRUG	C0011860	TARGET	DB01067	1
DRUG	C0011860	TARGET	DB01120	1
DRUG	C0011860	TARGET	DB01124	1
DRUG	C0011860	TARGET	DB01132	1
DRUG	C0011860	TARGET	DB01251	1
DRUG	C0011860	TARGET	DB01252	1
DRUG	C0011860	TARGET	DB01261	1
DRUG	C0011860	TARGET	DB01289	1
DRUG	C0011860	TARGET	DB01382	1
DRUG	C0011860	TARGET	DB04876	1
DRUG	C0011860	TARGET	DB04878	1
DRUG	C0011860	TARGET	DB06203	1
DRUG	C0011860	TARGET	DB06292	1
DRUG	C0011860	TARGET	DB06335	1
DRUG	C0011860	TARGET	DB06655	1
DRUG	C0011860	TARGET	DB08882	1
DRUG	C0011860	TARGET	DB08907	1
DRUG	C0011860	TARGET	DB09038	1
DRUG	C0011860	TARGET	DB09043	1
DRUG	C0011860	TARGET	DB09045	1
DRUG	C0011860	TARGET	DB09198	1
DRUG	C0011860	TARGET	DB09265	1
DRUG	C0011849	TARGET	DB00030	1
DRUG	C0011849	TARGET	DB01306	1
DRUG	C0011849	TARGET	DB01307	1
DRUG	C0011849	TARGET	DB01309	1
DRUG	C0011849	TARGET	DB09564	1
DRUG	C0019069	TARGET	DB00035	1
DRUG	C0019069	TARGET	DB00036	1
DRUG	C0019069	TARGET	DB00067	1
DRUG	C0019069	TARGET	DB09109	1
DRUG	C0008533	TARGET	DB00036	1
DRUG	C0008533	TARGET	DB00100	1
DRUG	C0008533	TARGET	DB11608	1
DRUG	C0040015	TARGET	DB00036	1
DRUG	C0015503	TARGET	DB00036	1
DRUG	C0040034	TARGET	DB00038	1
DRUG	C0020615	TARGET	DB00040	1
DRUG	C0023467	TARGET	DB00041	1
DRUG	C0023467	TARGET	DB00056	1
DRUG	C0023467	TARGET	DB00352	1
DRUG	C0023467	TARGET	DB00694	1
DRUG	C0023467	TARGET	DB00987	1
DRUG	C0023467	TARGET	DB00997	1
DRUG	C0023467	TARGET	DB01177	1
DRUG	C0023467	TARGET	DB01204	1
DRUG	C0023467	TARGET	DB01262	1
DRUG	C0004096	TARGET	DB00043	1
DRUG	C0004096	TARGET	DB00180	1
DRUG	C0004096	TARGET	DB00277	1
DRUG	C0004096	TARGET	DB00368	1
DRUG	C0004096	TARGET	DB00394	1
DRUG	C0004096	TARGET	DB00443	1
DRUG	C0004096	TARGET	DB00549	1
DRUG	C0004096	TARGET	DB00620	1
DRUG	C0004096	TARGET	DB00635	1
DRUG	C0004096	TARGET	DB00651	1
DRUG	C0004096	TARGET	DB00668	1
DRUG	C0004096	TARGET	DB00716	1
DRUG	C0004096	TARGET	DB00741	1
DRUG	C0004096	TARGET	DB00764	1
DRUG	C0004096	TARGET	DB00816	1
DRUG	C0004096	TARGET	DB00860	1
DRUG	C0004096	TARGET	DB00871	1
DRUG	C0004096	TARGET	DB00885	1
DRUG	C0004096	TARGET	DB00959	1
DRUG	C0004096	TARGET	DB01003	1
DRUG	C0004096	TARGET	DB01222	1
DRUG	C0004096	TARGET	DB01223	1
DRUG	C0004096	TARGET	DB01234	1
DRUG	C0004096	TARGET	DB01260	1
DRUG	C0004096	TARGET	DB01291	1
DRUG	C0004096	TARGET	DB01380	1
DRUG	C0004096	TARGET	DB01409	1
DRUG	C0004096	TARGET	DB01410	1
DRUG	C0004096	TARGET	DB01411	1
DRUG	C0004096	TARGET	DB05266	1
DRUG	C0004096	TARGET	DB07615	1
DRUG	C0004096	TARGET	DB08906	1
DRUG	C0004096	TARGET	DB09082	1
DRUG	C0030848	TARGET	DB00048	1
DRUG	C0030848	TARGET	DB03793	1
DRUG	C0740394	TARGET	DB00049	1
DRUG	C0740394	TARGET	DB00437	1
DRUG	C0740394	TARGET	DB01032	1
DRUG	C0740394	TARGET	DB01138	1
DRUG	C0740394	TARGET	DB04854	1
DRUG	C0740394	TARGET	DB11560	1
DRUG	C0010346	TARGET	DB00051	1
DRUG	C0010346	TARGET	DB00065	1
DRUG	C0010346	TARGET	DB00108	1
DRUG	C0010346	TARGET	DB00443	1
DRUG	C0010346	TARGET	DB00620	1
DRUG	C0010346	TARGET	DB00635	1
DRUG	C0010346	TARGET	DB00741	1
DRUG	C0010346	TARGET	DB00860	1
DRUG	C0010346	TARGET	DB00959	1
DRUG	C0010346	TARGET	DB01222	1
DRUG	C0010346	TARGET	DB01234	1
DRUG	C0010346	TARGET	DB01260	1
DRUG	C0010346	TARGET	DB01380	1
DRUG	C0010346	TARGET	DB08904	1
DRUG	C0010346	TARGET	DB09033	1
DRUG	C0009324	TARGET	DB00051	1
DRUG	C0009324	TARGET	DB00065	1
DRUG	C0009324	TARGET	DB00244	1
DRUG	C0009324	TARGET	DB00359	1
DRUG	C0009324	TARGET	DB00741	1
DRUG	C0009324	TARGET	DB00795	1
DRUG	C0009324	TARGET	DB00860	1
DRUG	C0009324	TARGET	DB01014	1
DRUG	C0009324	TARGET	DB01380	1
DRUG	C0009324	TARGET	DB06674	1
DRUG	C0009324	TARGET	DB09033	1
DRUG	C0162836	TARGET	DB00051	1
DRUG	C0151686	TARGET	DB00052	1
DRUG	C0032897	TARGET	DB00052	1
DRUG	C0032897	TARGET	DB01282	1
DRUG	C0041408	TARGET	DB00052	1
DRUG	C0017205	TARGET	DB00053	1
DRUG	C0017205	TARGET	DB00419	1
DRUG	C0017205	TARGET	DB04878	1
DRUG	C0017205	TARGET	DB06720	1
DRUG	C0017205	TARGET	DB09039	1
DRUG	C0751967	TARGET	DB00060	1
DRUG	C0751967	TARGET	DB00068	1
DRUG	C0751967	TARGET	DB00087	1
DRUG	C0751967	TARGET	DB00111	1
DRUG	C0751967	TARGET	DB01204	1
DRUG	C0751967	TARGET	DB08868	1
DRUG	C0751967	TARGET	DB08908	1
DRUG	C0751967	TARGET	DB09122	1
DRUG	C0948089	TARGET	DB00063	1
DRUG	C0948089	TARGET	DB00264	1
DRUG	C0948089	TARGET	DB00758	1
DRUG	C0948089	TARGET	DB00775	1
DRUG	C0948089	TARGET	DB06209	1
DRUG	C0948089	TARGET	DB08816	1
DRUG	C0024305	TARGET	DB00073	1
DRUG	C0024305	TARGET	DB00262	1
DRUG	C0024305	TARGET	DB00290	1
DRUG	C0024305	TARGET	DB00443	1
DRUG	C0024305	TARGET	DB00541	1
DRUG	C0024305	TARGET	DB00563	1
DRUG	C0024305	TARGET	DB00570	1
DRUG	C0024305	TARGET	DB00620	1
DRUG	C0024305	TARGET	DB00635	1
DRUG	C0024305	TARGET	DB00741	1
DRUG	C0024305	TARGET	DB00791	1
DRUG	C0024305	TARGET	DB00860	1
DRUG	C0024305	TARGET	DB00888	1
DRUG	C0024305	TARGET	DB00959	1
DRUG	C0024305	TARGET	DB00997	1
DRUG	C0024305	TARGET	DB01234	1
DRUG	C0024305	TARGET	DB01380	1
DRUG	C0024305	TARGET	DB04572	1
DRUG	C0023434	TARGET	DB00073	1
DRUG	C0023434	TARGET	DB00291	1
DRUG	C0023434	TARGET	DB00635	1
DRUG	C0023434	TARGET	DB00791	1
DRUG	C0023434	TARGET	DB00888	1
DRUG	C0023434	TARGET	DB06650	1
DRUG	C0023434	TARGET	DB06769	1
DRUG	C0023434	TARGET	DB08935	1
DRUG	C0023434	TARGET	DB09053	1
DRUG	C0023434	TARGET	DB09054	1
DRUG	C0023434	TARGET	DB11581	1
DRUG	C0024301	TARGET	DB00078	1
DRUG	C0024301	TARGET	DB00290	1
DRUG	C0024301	TARGET	DB00291	1
DRUG	C0024301	TARGET	DB00443	1
DRUG	C0024301	TARGET	DB00541	1
DRUG	C0024301	TARGET	DB00620	1
DRUG	C0024301	TARGET	DB00635	1
DRUG	C0024301	TARGET	DB00860	1
DRUG	C0024301	TARGET	DB00959	1
DRUG	C0024301	TARGET	DB00997	1
DRUG	C0024301	TARGET	DB01234	1
DRUG	C0024301	TARGET	DB01380	1
DRUG	C0024301	TARGET	DB06769	1
DRUG	C0024301	TARGET	DB09054	1
DRUG	C0001206	TARGET	DB00082	1
DRUG	C0001206	TARGET	DB00104	1
DRUG	C0001206	TARGET	DB00589	1
DRUG	C0001206	TARGET	DB01200	1
DRUG	C0001206	TARGET	DB06791	1
DRUG	C0267963	TARGET	DB00085	1
DRUG	C1961835	TARGET	DB00088	1
DRUG	C1961835	TARGET	DB06720	1
DRUG	C0023786	TARGET	DB00090	1
DRUG	C0013238	TARGET	DB00091	1
DRUG	C0013238	TARGET	DB00137	1
DRUG	C0013238	TARGET	DB00871	1
DRUG	C0013238	TARGET	DB09287	1
DRUG	C0340970	TARGET	DB00099	1
DRUG	C0340970	TARGET	DB09560	1
DRUG	C0221023	TARGET	DB00099	1
DRUG	C0221023	TARGET	DB09560	1
DRUG	C0002986	TARGET	DB00103	1
DRUG	C0024586	TARGET	DB00104	1
DRUG	C0026769	TARGET	DB00108	1
DRUG	C0026769	TARGET	DB00443	1
DRUG	C0026769	TARGET	DB00620	1
DRUG	C0026769	TARGET	DB00635	1
DRUG	C0026769	TARGET	DB00741	1
DRUG	C0026769	TARGET	DB00860	1
DRUG	C0026769	TARGET	DB00959	1
DRUG	C0026769	TARGET	DB01234	1
DRUG	C0026769	TARGET	DB01380	1
DRUG	C0026769	TARGET	DB05259	1
DRUG	C0026769	TARGET	DB06637	1
DRUG	C0026769	TARGET	DB08880	1
DRUG	C0019693	TARGET	DB00109	1
DRUG	C0019693	TARGET	DB00220	1
DRUG	C0019693	TARGET	DB00224	1
DRUG	C0019693	TARGET	DB00238	1
DRUG	C0019693	TARGET	DB00300	1
DRUG	C0019693	TARGET	DB00495	1
DRUG	C0019693	TARGET	DB00503	1
DRUG	C0019693	TARGET	DB00625	1
DRUG	C0019693	TARGET	DB00649	1
DRUG	C0019693	TARGET	DB00701	1
DRUG	C0019693	TARGET	DB00705	1
DRUG	C0019693	TARGET	DB00709	1
DRUG	C0019693	TARGET	DB00879	1
DRUG	C0019693	TARGET	DB00900	1
DRUG	C0019693	TARGET	DB00932	1
DRUG	C0019693	TARGET	DB00943	1
DRUG	C0019693	TARGET	DB01048	1
DRUG	C0019693	TARGET	DB01072	1
DRUG	C0019693	TARGET	DB01232	1
DRUG	C0019693	TARGET	DB01264	1
DRUG	C0019693	TARGET	DB01319	1
DRUG	C0019693	TARGET	DB01601	1
DRUG	C0019693	TARGET	DB06414	1
DRUG	C0019693	TARGET	DB06817	1
DRUG	C0019693	TARGET	DB08864	1
DRUG	C0019693	TARGET	DB08930	1
DRUG	C0019693	TARGET	DB09065	1
DRUG	C0019693	TARGET	DB09101	1
DRUG	C0019693	TARGET	DB09299	1
DRUG	C0035235	TARGET	DB00110	1
DRUG	C0035235	TARGET	DB00811	1
DRUG	C1621958	TARGET	DB00112	1
DRUG	C0302592	TARGET	DB00112	1
DRUG	C0162316	TARGET	DB00115	1
DRUG	C0162316	TARGET	DB00139	1
DRUG	C0162316	TARGET	DB00158	1
DRUG	C0162316	TARGET	DB01592	1
DRUG	C0162316	TARGET	DB08917	1
DRUG	C0162316	TARGET	DB09517	1
DRUG	C0042847	TARGET	DB00115	1
DRUG	C0042847	TARGET	DB00152	1
DRUG	C0042847	TARGET	DB00200	1
DRUG	C0917801	TARGET	DB00122	1
DRUG	C0917801	TARGET	DB00189	1
DRUG	C0917801	TARGET	DB00231	1
DRUG	C0917801	TARGET	DB00237	1
DRUG	C0917801	TARGET	DB00306	1
DRUG	C0917801	TARGET	DB00312	1
DRUG	C0917801	TARGET	DB00402	1
DRUG	C0917801	TARGET	DB00418	1
DRUG	C0917801	TARGET	DB00425	1
DRUG	C0917801	TARGET	DB00690	1
DRUG	C0917801	TARGET	DB00897	1
DRUG	C0917801	TARGET	DB01031	1
DRUG	C0917801	TARGET	DB01075	1
DRUG	C0917801	TARGET	DB01107	1
DRUG	C0917801	TARGET	DB01142	1
DRUG	C0917801	TARGET	DB01198	1
DRUG	C0917801	TARGET	DB01351	1
DRUG	C0917801	TARGET	DB01352	1
DRUG	C0917801	TARGET	DB01353	1
DRUG	C0917801	TARGET	DB01437	1
DRUG	C0917801	TARGET	DB01563	1
DRUG	C0917801	TARGET	DB01588	1
DRUG	C0917801	TARGET	DB01589	1
DRUG	C0917801	TARGET	DB01595	1
DRUG	C0917801	TARGET	DB01615	1
DRUG	C0917801	TARGET	DB09034	1
DRUG	C0020621	TARGET	DB00128	1
DRUG	C0020621	TARGET	DB00761	1
DRUG	C0020621	TARGET	DB01164	1
DRUG	C0020621	TARGET	DB09125	1
DRUG	C0392164	TARGET	DB00131	1
DRUG	C0392164	TARGET	DB00151	1
DRUG	C0392164	TARGET	DB00640	1
DRUG	C0392164	TARGET	DB06151	1
DRUG	C0392164	TARGET	DB08820	1
DRUG	C0392164	TARGET	DB09485	1
DRUG	C0017612	TARGET	DB00133	1
DRUG	C0017612	TARGET	DB00195	1
DRUG	C0017612	TARGET	DB00287	1
DRUG	C0017612	TARGET	DB00373	1
DRUG	C0017612	TARGET	DB00411	1
DRUG	C0017612	TARGET	DB00449	1
DRUG	C0017612	TARGET	DB00484	1
DRUG	C0017612	TARGET	DB00521	1
DRUG	C0017612	TARGET	DB00575	1
DRUG	C0017612	TARGET	DB00654	1
DRUG	C0017612	TARGET	DB00668	1
DRUG	C0017612	TARGET	DB00703	1
DRUG	C0017612	TARGET	DB00819	1
DRUG	C0017612	TARGET	DB00869	1
DRUG	C0017612	TARGET	DB00905	1
DRUG	C0017612	TARGET	DB00964	1
DRUG	C0017612	TARGET	DB00981	1
DRUG	C0017612	TARGET	DB01057	1
DRUG	C0017612	TARGET	DB01085	1
DRUG	C0017612	TARGET	DB01144	1
DRUG	C0017612	TARGET	DB01194	1
DRUG	C0017612	TARGET	DB01210	1
DRUG	C0017612	TARGET	DB01214	1
DRUG	C0017612	TARGET	DB01229	1
DRUG	C0017612	TARGET	DB06826	1
DRUG	C0017612	TARGET	DB08819	1
DRUG	C0017612	TARGET	DB09351	1
DRUG	C0041327	TARGET	DB00133	1
DRUG	C0041327	TARGET	DB00233	1
DRUG	C0041327	TARGET	DB00260	1
DRUG	C0041327	TARGET	DB00314	1
DRUG	C0041327	TARGET	DB00330	1
DRUG	C0041327	TARGET	DB00339	1
DRUG	C0041327	TARGET	DB00609	1
DRUG	C0041327	TARGET	DB00951	1
DRUG	C0041327	TARGET	DB01045	1
DRUG	C0041327	TARGET	DB01082	1
DRUG	C0041327	TARGET	DB01201	1
DRUG	C0041327	TARGET	DB08903	1
DRUG	C0041327	TARGET	DB08993	1
DRUG	C0020598	TARGET	DB00136	1
DRUG	C0020598	TARGET	DB00146	1
DRUG	C0020598	TARGET	DB00153	1
DRUG	C0020598	TARGET	DB00169	1
DRUG	C0020598	TARGET	DB00258	1
DRUG	C0020598	TARGET	DB00326	1
DRUG	C0020598	TARGET	DB01022	1
DRUG	C0020598	TARGET	DB01070	1
DRUG	C0020598	TARGET	DB01164	1
DRUG	C0020598	TARGET	DB01377	1
DRUG	C0020598	TARGET	DB06724	1
DRUG	C0085682	TARGET	DB00136	1
DRUG	C0085682	TARGET	DB00146	1
DRUG	C0085682	TARGET	DB01070	1
DRUG	C0085682	TARGET	DB09525	1
DRUG	C0020626	TARGET	DB00136	1
DRUG	C0020626	TARGET	DB00153	1
DRUG	C0020626	TARGET	DB00169	1
DRUG	C0020626	TARGET	DB01070	1
DRUG	C0020626	TARGET	DB01436	1
DRUG	C0020626	TARGET	DB05829	1
DRUG	C0242383	TARGET	DB00137	1
DRUG	C1260880	TARGET	DB00145	1
DRUG	C1260880	TARGET	DB00201	1
DRUG	C1260880	TARGET	DB00283	1
DRUG	C1260880	TARGET	DB00318	1
DRUG	C1260880	TARGET	DB00332	1
DRUG	C1260880	TARGET	DB00341	1
DRUG	C1260880	TARGET	DB00366	1
DRUG	C1260880	TARGET	DB00388	1
DRUG	C1260880	TARGET	DB00397	1
DRUG	C1260880	TARGET	DB00420	1
DRUG	C1260880	TARGET	DB00427	1
DRUG	C1260880	TARGET	DB00434	1
DRUG	C1260880	TARGET	DB00455	1
DRUG	C1260880	TARGET	DB00462	1
DRUG	C1260880	TARGET	DB00514	1
DRUG	C1260880	TARGET	DB00557	1
DRUG	C1260880	TARGET	DB00719	1
DRUG	C1260880	TARGET	DB00747	1
DRUG	C1260880	TARGET	DB00748	1
DRUG	C1260880	TARGET	DB00788	1
DRUG	C1260880	TARGET	DB00792	1
DRUG	C1260880	TARGET	DB00835	1
DRUG	C1260880	TARGET	DB00852	1
DRUG	C1260880	TARGET	DB00874	1
DRUG	C1260880	TARGET	DB00902	1
DRUG	C1260880	TARGET	DB00935	1
DRUG	C1260880	TARGET	DB00956	1
DRUG	C1260880	TARGET	DB00967	1
DRUG	C1260880	TARGET	DB01114	1
DRUG	C1260880	TARGET	DB01146	1
DRUG	C1260880	TARGET	DB01176	1
DRUG	C1260880	TARGET	DB01237	1
DRUG	C1260880	TARGET	DB01240	1
DRUG	C1260880	TARGET	DB01246	1
DRUG	C1260880	TARGET	DB01364	1
DRUG	C1260880	TARGET	DB01551	1
DRUG	C1260880	TARGET	DB01619	1
DRUG	C1260880	TARGET	DB01620	1
DRUG	C1260880	TARGET	DB04837	1
DRUG	C1260880	TARGET	DB06691	1
DRUG	C1260880	TARGET	DB06694	1
DRUG	C1260880	TARGET	DB06715	1
DRUG	C1260880	TARGET	DB06764	1
DRUG	C1260880	TARGET	DB06767	1
DRUG	C1260880	TARGET	DB08799	1
DRUG	C1260880	TARGET	DB08936	1
DRUG	C1260880	TARGET	DB09154	1
DRUG	C1260880	TARGET	DB09488	1
DRUG	C0010200	TARGET	DB00145	1
DRUG	C0010200	TARGET	DB00318	1
DRUG	C0010200	TARGET	DB00327	1
DRUG	C0010200	TARGET	DB00388	1
DRUG	C0010200	TARGET	DB00397	1
DRUG	C0010200	TARGET	DB00462	1
DRUG	C0010200	TARGET	DB00514	1
DRUG	C0010200	TARGET	DB00725	1
DRUG	C0010200	TARGET	DB00747	1
DRUG	C0010200	TARGET	DB00868	1
DRUG	C0010200	TARGET	DB00874	1
DRUG	C0010200	TARGET	DB00956	1
DRUG	C0010200	TARGET	DB01086	1
DRUG	C0010200	TARGET	DB01176	1
DRUG	C0010200	TARGET	DB01237	1
DRUG	C0010200	TARGET	DB01240	1
DRUG	C0010200	TARGET	DB01551	1
DRUG	C0010200	TARGET	DB01620	1
DRUG	C0010200	TARGET	DB04837	1
DRUG	C0010200	TARGET	DB06715	1
DRUG	C0010200	TARGET	DB06767	1
DRUG	C0010200	TARGET	DB08936	1
DRUG	C0010200	TARGET	DB09154	1
DRUG	C2607914	TARGET	DB00145	1
DRUG	C2607914	TARGET	DB00180	1
DRUG	C2607914	TARGET	DB00201	1
DRUG	C2607914	TARGET	DB00283	1
DRUG	C2607914	TARGET	DB00316	1
DRUG	C2607914	TARGET	DB00318	1
DRUG	C2607914	TARGET	DB00332	1
DRUG	C2607914	TARGET	DB00341	1
DRUG	C2607914	TARGET	DB00366	1
DRUG	C2607914	TARGET	DB00388	1
DRUG	C2607914	TARGET	DB00394	1
DRUG	C2607914	TARGET	DB00397	1
DRUG	C2607914	TARGET	DB00405	1
DRUG	C2607914	TARGET	DB00420	1
DRUG	C2607914	TARGET	DB00427	1
DRUG	C2607914	TARGET	DB00434	1
DRUG	C2607914	TARGET	DB00443	1
DRUG	C2607914	TARGET	DB00455	1
DRUG	C2607914	TARGET	DB00462	1
DRUG	C2607914	TARGET	DB00471	1
DRUG	C2607914	TARGET	DB00514	1
DRUG	C2607914	TARGET	DB00557	1
DRUG	C2607914	TARGET	DB00588	1
DRUG	C2607914	TARGET	DB00620	1
DRUG	C2607914	TARGET	DB00635	1
DRUG	C2607914	TARGET	DB00637	1
DRUG	C2607914	TARGET	DB00719	1
DRUG	C2607914	TARGET	DB00741	1
DRUG	C2607914	TARGET	DB00747	1
DRUG	C2607914	TARGET	DB00748	1
DRUG	C2607914	TARGET	DB00764	1
DRUG	C2607914	TARGET	DB00768	1
DRUG	C2607914	TARGET	DB00792	1
DRUG	C2607914	TARGET	DB00835	1
DRUG	C2607914	TARGET	DB00852	1
DRUG	C2607914	TARGET	DB00860	1
DRUG	C2607914	TARGET	DB00874	1
DRUG	C2607914	TARGET	DB00885	1
DRUG	C2607914	TARGET	DB00902	1
DRUG	C2607914	TARGET	DB00936	1
DRUG	C2607914	TARGET	DB00950	1
DRUG	C2607914	TARGET	DB00956	1
DRUG	C2607914	TARGET	DB00959	1
DRUG	C2607914	TARGET	DB00967	1
DRUG	C2607914	TARGET	DB00972	1
DRUG	C2607914	TARGET	DB01003	1
DRUG	C2607914	TARGET	DB01114	1
DRUG	C2607914	TARGET	DB01146	1
DRUG	C2607914	TARGET	DB01176	1
DRUG	C2607914	TARGET	DB01222	1
DRUG	C2607914	TARGET	DB01234	1
DRUG	C2607914	TARGET	DB01240	1
DRUG	C2607914	TARGET	DB01246	1
DRUG	C2607914	TARGET	DB01260	1
DRUG	C2607914	TARGET	DB01364	1
DRUG	C2607914	TARGET	DB01380	1
DRUG	C2607914	TARGET	DB01410	1
DRUG	C2607914	TARGET	DB01411	1
DRUG	C2607914	TARGET	DB01551	1
DRUG	C2607914	TARGET	DB01619	1
DRUG	C2607914	TARGET	DB01620	1
DRUG	C2607914	TARGET	DB04837	1
DRUG	C2607914	TARGET	DB06282	1
DRUG	C2607914	TARGET	DB06691	1
DRUG	C2607914	TARGET	DB06715	1
DRUG	C2607914	TARGET	DB07615	1
DRUG	C2607914	TARGET	DB08799	1
DRUG	C2607914	TARGET	DB08906	1
DRUG	C2607914	TARGET	DB08936	1
DRUG	C2607914	TARGET	DB09488	1
DRUG	C2607914	TARGET	DB09555	1
DRUG	C2607914	TARGET	DB11591	1
DRUG	C0035455	TARGET	DB00145	1
DRUG	C0035455	TARGET	DB00318	1
DRUG	C0035455	TARGET	DB00388	1
DRUG	C0035455	TARGET	DB00394	1
DRUG	C0035455	TARGET	DB00397	1
DRUG	C0035455	TARGET	DB00514	1
DRUG	C0035455	TARGET	DB00852	1
DRUG	C0035455	TARGET	DB00874	1
DRUG	C0035455	TARGET	DB00956	1
DRUG	C0035455	TARGET	DB01240	1
DRUG	C0035455	TARGET	DB01364	1
DRUG	C0035455	TARGET	DB01551	1
DRUG	C0035455	TARGET	DB04837	1
DRUG	C0035455	TARGET	DB09154	1
DRUG	C0035579	TARGET	DB00146	1
DRUG	C0035579	TARGET	DB00153	1
DRUG	C0035579	TARGET	DB00169	1
DRUG	C0035579	TARGET	DB01070	1
DRUG	C0002726	TARGET	DB00151	1
DRUG	C0002726	TARGET	DB06151	1
DRUG	C0002726	TARGET	DB09485	1
DRUG	C0006267	TARGET	DB00151	1
DRUG	C0006267	TARGET	DB00368	1
DRUG	C0006267	TARGET	DB00668	1
DRUG	C0006267	TARGET	DB01291	1
DRUG	C0006267	TARGET	DB06151	1
DRUG	C0006267	TARGET	DB09485	1
DRUG	C0349464	TARGET	DB00152	1
DRUG	C0039841	TARGET	DB00152	1
DRUG	C0042870	TARGET	DB00153	1
DRUG	C0029456	TARGET	DB00153	1
DRUG	C0029456	TARGET	DB00169	1
DRUG	C0029456	TARGET	DB00399	1
DRUG	C0029456	TARGET	DB00884	1
DRUG	C0029456	TARGET	DB01022	1
DRUG	C0029456	TARGET	DB01377	1
DRUG	C0029456	TARGET	DB06255	1
DRUG	C0029456	TARGET	DB06643	1
DRUG	C3536984	TARGET	DB00153	1
DRUG	C0016412	TARGET	DB00158	1
DRUG	C0016412	TARGET	DB00650	1
DRUG	C0016412	TARGET	DB11596	1
DRUG	C0020557	TARGET	DB00159	1
DRUG	C0020557	TARGET	DB00175	1
DRUG	C0020557	TARGET	DB00227	1
DRUG	C0020557	TARGET	DB00627	1
DRUG	C0020557	TARGET	DB00641	1
DRUG	C0020557	TARGET	DB01039	1
DRUG	C0020557	TARGET	DB01076	1
DRUG	C0020557	TARGET	DB01098	1
DRUG	C0020557	TARGET	DB01241	1
DRUG	C0020557	TARGET	DB08887	1
DRUG	C0020557	TARGET	DB09568	1
DRUG	C0042842	TARGET	DB00162	1
DRUG	C0042875	TARGET	DB00163	1
DRUG	C1849508	TARGET	DB00165	1
DRUG	C0038454	TARGET	DB00175	1
DRUG	C0038454	TARGET	DB00178	1
DRUG	C0038454	TARGET	DB00381	1
DRUG	C0038454	TARGET	DB00641	1
DRUG	C0038454	TARGET	DB00966	1
DRUG	C0038454	TARGET	DB01076	1
DRUG	C0038454	TARGET	DB01098	1
DRUG	C0038454	TARGET	DB09030	1
DRUG	C0020479	TARGET	DB00175	1
DRUG	C0020479	TARGET	DB00641	1
DRUG	C0020479	TARGET	DB01076	1
DRUG	C0020479	TARGET	DB01098	1
DRUG	C0020443	TARGET	DB00175	1
DRUG	C0020443	TARGET	DB00227	1
DRUG	C0020443	TARGET	DB00375	1
DRUG	C0020443	TARGET	DB00627	1
DRUG	C0020443	TARGET	DB00641	1
DRUG	C0020443	TARGET	DB00930	1
DRUG	C0020443	TARGET	DB00973	1
DRUG	C0020443	TARGET	DB01039	1
DRUG	C0020443	TARGET	DB01076	1
DRUG	C0020443	TARGET	DB01095	1
DRUG	C0020443	TARGET	DB01098	1
DRUG	C0020443	TARGET	DB01393	1
DRUG	C0020443	TARGET	DB01432	1
DRUG	C0020443	TARGET	DB01599	1
DRUG	C0020443	TARGET	DB08860	1
DRUG	C0020443	TARGET	DB09302	1
DRUG	C0020443	TARGET	DB09303	1
DRUG	C0020474	TARGET	DB00175	1
DRUG	C0020474	TARGET	DB00227	1
DRUG	C0020474	TARGET	DB00627	1
DRUG	C0020474	TARGET	DB00641	1
DRUG	C0020474	TARGET	DB00973	1
DRUG	C0020474	TARGET	DB01039	1
DRUG	C0020474	TARGET	DB01076	1
DRUG	C0020474	TARGET	DB01095	1
DRUG	C0020474	TARGET	DB01098	1
DRUG	C0020474	TARGET	DB08860	1
DRUG	C0003850	TARGET	DB00175	1
DRUG	C0003850	TARGET	DB00227	1
DRUG	C0003850	TARGET	DB00641	1
DRUG	C0003850	TARGET	DB01076	1
DRUG	C0003850	TARGET	DB01095	1
DRUG	C0003850	TARGET	DB01098	1
DRUG	C0028768	TARGET	DB00176	1
DRUG	C0028768	TARGET	DB00472	1
DRUG	C0028768	TARGET	DB00715	1
DRUG	C0028768	TARGET	DB01104	1
DRUG	C0028768	TARGET	DB01242	1
DRUG	C0264716	TARGET	DB00177	1
DRUG	C0264716	TARGET	DB00178	1
DRUG	C0264716	TARGET	DB00264	1
DRUG	C0264716	TARGET	DB00390	1
DRUG	C0264716	TARGET	DB00421	1
DRUG	C0264716	TARGET	DB00492	1
DRUG	C0264716	TARGET	DB00519	1
DRUG	C0264716	TARGET	DB00722	1
DRUG	C0264716	TARGET	DB00796	1
DRUG	C0264716	TARGET	DB00880	1
DRUG	C0264716	TARGET	DB00881	1
DRUG	C0264716	TARGET	DB00883	1
DRUG	C0264716	TARGET	DB00975	1
DRUG	C0264716	TARGET	DB00999	1
DRUG	C0264716	TARGET	DB01136	1
DRUG	C0264716	TARGET	DB01197	1
DRUG	C0264716	TARGET	DB01275	1
DRUG	C0264716	TARGET	DB09083	1
DRUG	C0264716	TARGET	DB09292	1
DRUG	C0020538	TARGET	DB00177	1
DRUG	C0020538	TARGET	DB00178	1
DRUG	C0020538	TARGET	DB00195	1
DRUG	C0020538	TARGET	DB00206	1
DRUG	C0020538	TARGET	DB00214	1
DRUG	C0020538	TARGET	DB00226	1
DRUG	C0020538	TARGET	DB00232	1
DRUG	C0020538	TARGET	DB00264	1
DRUG	C0020538	TARGET	DB00270	1
DRUG	C0020538	TARGET	DB00275	1
DRUG	C0020538	TARGET	DB00310	1
DRUG	C0020538	TARGET	DB00325	1
DRUG	C0020538	TARGET	DB00335	1
DRUG	C0020538	TARGET	DB00343	1
DRUG	C0020538	TARGET	DB00350	1
DRUG	C0020538	TARGET	DB00373	1
DRUG	C0020538	TARGET	DB00381	1
DRUG	C0020538	TARGET	DB00384	1
DRUG	C0020538	TARGET	DB00401	1
DRUG	C0020538	TARGET	DB00421	1
DRUG	C0020538	TARGET	DB00436	1
DRUG	C0020538	TARGET	DB00457	1
DRUG	C0020538	TARGET	DB00492	1
DRUG	C0020538	TARGET	DB00519	1
DRUG	C0020538	TARGET	DB00521	1
DRUG	C0020538	TARGET	DB00524	1
DRUG	C0020538	TARGET	DB00528	1
DRUG	C0020538	TARGET	DB00542	1
DRUG	C0020538	TARGET	DB00571	1
DRUG	C0020538	TARGET	DB00575	1
DRUG	C0020538	TARGET	DB00584	1
DRUG	C0020538	TARGET	DB00590	1
DRUG	C0020538	TARGET	DB00594	1
DRUG	C0020538	TARGET	DB00598	1
DRUG	C0020538	TARGET	DB00612	1
DRUG	C0020538	TARGET	DB00622	1
DRUG	C0020538	TARGET	DB00629	1
DRUG	C0020538	TARGET	DB00657	1
DRUG	C0020538	TARGET	DB00661	1
DRUG	C0020538	TARGET	DB00678	1
DRUG	C0020538	TARGET	DB00691	1
DRUG	C0020538	TARGET	DB00695	1
DRUG	C0020538	TARGET	DB00700	1
DRUG	C0020538	TARGET	DB00722	1
DRUG	C0020538	TARGET	DB00774	1
DRUG	C0020538	TARGET	DB00790	1
DRUG	C0020538	TARGET	DB00796	1
DRUG	C0020538	TARGET	DB00808	1
DRUG	C0020538	TARGET	DB00876	1
DRUG	C0020538	TARGET	DB00880	1
DRUG	C0020538	TARGET	DB00881	1
DRUG	C0020538	TARGET	DB00960	1
DRUG	C0020538	TARGET	DB00966	1
DRUG	C0020538	TARGET	DB00968	1
DRUG	C0020538	TARGET	DB00982	1
DRUG	C0020538	TARGET	DB00999	1
DRUG	C0020538	TARGET	DB01018	1
DRUG	C0020538	TARGET	DB01021	1
DRUG	C0020538	TARGET	DB01023	1
DRUG	C0020538	TARGET	DB01029	1
DRUG	C0020538	TARGET	DB01076	1
DRUG	C0020538	TARGET	DB01115	1
DRUG	C0020538	TARGET	DB01136	1
DRUG	C0020538	TARGET	DB01162	1
DRUG	C0020538	TARGET	DB01170	1
DRUG	C0020538	TARGET	DB01193	1
DRUG	C0020538	TARGET	DB01197	1
DRUG	C0020538	TARGET	DB01203	1
DRUG	C0020538	TARGET	DB01229	1
DRUG	C0020538	TARGET	DB01275	1
DRUG	C0020538	TARGET	DB01324	1
DRUG	C0020538	TARGET	DB01340	1
DRUG	C0020538	TARGET	DB01348	1
DRUG	C0020538	TARGET	DB01349	1
DRUG	C0020538	TARGET	DB01359	1
DRUG	C0020538	TARGET	DB01580	1
DRUG	C0020538	TARGET	DB01626	1
DRUG	C0020538	TARGET	DB04846	1
DRUG	C0020538	TARGET	DB04861	1
DRUG	C0020538	TARGET	DB04920	1
DRUG	C0020538	TARGET	DB08808	1
DRUG	C0020538	TARGET	DB08822	1
DRUG	C0020538	TARGET	DB09026	1
DRUG	C0020538	TARGET	DB09229	1
DRUG	C0020538	TARGET	DB09230	1
DRUG	C0020538	TARGET	DB09235	1
DRUG	C0020538	TARGET	DB09279	1
DRUG	C0020538	TARGET	DB09477	1
DRUG	C0028754	TARGET	DB00182	1
DRUG	C0028754	TARGET	DB00191	1
DRUG	C0028754	TARGET	DB00579	1
DRUG	C0028754	TARGET	DB00704	1
DRUG	C0028754	TARGET	DB00830	1
DRUG	C0028754	TARGET	DB00865	1
DRUG	C0028754	TARGET	DB00937	1
DRUG	C0028754	TARGET	DB01083	1
DRUG	C0028754	TARGET	DB01105	1
DRUG	C0028754	TARGET	DB01156	1
DRUG	C0028754	TARGET	DB01191	1
DRUG	C0028754	TARGET	DB01550	1
DRUG	C0028754	TARGET	DB01577	1
DRUG	C0028754	TARGET	DB01579	1
DRUG	C0028754	TARGET	DB04871	1
DRUG	C0028754	TARGET	DB06155	1
DRUG	C1263846	TARGET	DB00182	1
DRUG	C1263846	TARGET	DB00289	1
DRUG	C1263846	TARGET	DB00422	1
DRUG	C1263846	TARGET	DB00575	1
DRUG	C1263846	TARGET	DB01018	1
DRUG	C1263846	TARGET	DB01255	1
DRUG	C1263846	TARGET	DB01576	1
DRUG	C1263846	TARGET	DB01577	1
DRUG	C1263846	TARGET	DB06701	1
DRUG	C0027404	TARGET	DB00182	1
DRUG	C0027404	TARGET	DB00422	1
DRUG	C0027404	TARGET	DB00745	1
DRUG	C0027404	TARGET	DB01440	1
DRUG	C0027404	TARGET	DB01576	1
DRUG	C0027404	TARGET	DB06413	1
DRUG	C0027404	TARGET	DB09072	1
DRUG	C0028043	TARGET	DB00184	1
DRUG	C0028043	TARGET	DB01156	1
DRUG	C0238111	TARGET	DB00186	1
DRUG	C0238111	TARGET	DB00252	1
DRUG	C0238111	TARGET	DB00273	1
DRUG	C0238111	TARGET	DB00349	1
DRUG	C0238111	TARGET	DB00555	1
DRUG	C0238111	TARGET	DB00564	1
DRUG	C0238111	TARGET	DB00794	1
DRUG	C0238111	TARGET	DB00949	1
DRUG	C0238111	TARGET	DB01068	1
DRUG	C0238111	TARGET	DB01174	1
DRUG	C0238111	TARGET	DB06201	1
DRUG	C0014553	TARGET	DB00186	1
DRUG	C0014553	TARGET	DB00313	1
DRUG	C0014553	TARGET	DB00347	1
DRUG	C0014553	TARGET	DB00593	1
DRUG	C0014553	TARGET	DB00617	1
DRUG	C0014553	TARGET	DB00819	1
DRUG	C0014553	TARGET	DB00832	1
DRUG	C0014553	TARGET	DB01068	1
DRUG	C0014553	TARGET	DB05246	1
DRUG	C0014550	TARGET	DB00186	1
DRUG	C0014550	TARGET	DB01068	1
DRUG	C0014550	TARGET	DB01595	1
DRUG	C0014550	TARGET	DB09118	1
DRUG	C0270846	TARGET	DB00186	1
DRUG	C0270846	TARGET	DB01068	1
DRUG	C0003467	TARGET	DB00186	1
DRUG	C0003467	TARGET	DB00371	1
DRUG	C0003467	TARGET	DB00404	1
DRUG	C0003467	TARGET	DB00475	1
DRUG	C0003467	TARGET	DB00628	1
DRUG	C0003467	TARGET	DB00683	1
DRUG	C0003467	TARGET	DB00801	1
DRUG	C0003467	TARGET	DB00829	1
DRUG	C0003467	TARGET	DB00831	1
DRUG	C0003467	TARGET	DB00842	1
DRUG	C0003467	TARGET	DB00849	1
DRUG	C0003467	TARGET	DB01142	1
DRUG	C0003467	TARGET	DB01178	1
DRUG	C0003467	TARGET	DB01545	1
DRUG	C0003467	TARGET	DB01580	1
DRUG	C0003467	TARGET	DB01588	1
DRUG	C0003467	TARGET	DB09166	1
DRUG	C0038220	TARGET	DB00186	1
DRUG	C0038220	TARGET	DB00252	1
DRUG	C0038220	TARGET	DB00312	1
DRUG	C0038220	TARGET	DB00418	1
DRUG	C0038220	TARGET	DB00829	1
DRUG	C0038220	TARGET	DB01320	1
DRUG	C0038220	TARGET	DB01351	1
DRUG	C0030319	TARGET	DB00186	1
DRUG	C0030319	TARGET	DB00285	1
DRUG	C0030319	TARGET	DB00404	1
DRUG	C0030319	TARGET	DB00472	1
DRUG	C0030319	TARGET	DB00715	1
DRUG	C0030319	TARGET	DB01068	1
DRUG	C0030319	TARGET	DB01104	1
DRUG	C0004238	TARGET	DB00187	1
DRUG	C0004238	TARGET	DB00343	1
DRUG	C0004238	TARGET	DB00390	1
DRUG	C0004238	TARGET	DB00571	1
DRUG	C0004238	TARGET	DB00661	1
DRUG	C0004238	TARGET	DB00975	1
DRUG	C0039240	TARGET	DB00187	1
DRUG	C0039240	TARGET	DB00571	1
DRUG	C0026764	TARGET	DB00188	1
DRUG	C0026764	TARGET	DB00262	1
DRUG	C0026764	TARGET	DB00480	1
DRUG	C0026764	TARGET	DB00531	1
DRUG	C0026764	TARGET	DB00997	1
DRUG	C0026764	TARGET	DB01041	1
DRUG	C0026764	TARGET	DB01042	1
DRUG	C0026764	TARGET	DB01234	1
DRUG	C0026764	TARGET	DB06317	1
DRUG	C0026764	TARGET	DB06603	1
DRUG	C0026764	TARGET	DB06809	1
DRUG	C0026764	TARGET	DB08889	1
DRUG	C0026764	TARGET	DB08910	1
DRUG	C0026764	TARGET	DB09331	1
DRUG	C0026764	TARGET	DB09570	1
DRUG	C0334634	TARGET	DB00188	1
DRUG	C0334634	TARGET	DB00480	1
DRUG	C0334634	TARGET	DB00877	1
DRUG	C0334634	TARGET	DB06287	1
DRUG	C0334634	TARGET	DB09053	1
DRUG	C0030567	TARGET	DB00190	1
DRUG	C0030567	TARGET	DB00245	1
DRUG	C0030567	TARGET	DB00268	1
DRUG	C0030567	TARGET	DB00323	1
DRUG	C0030567	TARGET	DB00368	1
DRUG	C0030567	TARGET	DB00376	1
DRUG	C0030567	TARGET	DB00387	1
DRUG	C0030567	TARGET	DB00413	1
DRUG	C0030567	TARGET	DB00494	1
DRUG	C0030567	TARGET	DB00714	1
DRUG	C0030567	TARGET	DB00810	1
DRUG	C0030567	TARGET	DB00915	1
DRUG	C0030567	TARGET	DB00942	1
DRUG	C0030567	TARGET	DB00988	1
DRUG	C0030567	TARGET	DB01037	1
DRUG	C0030567	TARGET	DB01200	1
DRUG	C0030567	TARGET	DB01235	1
DRUG	C0030567	TARGET	DB01367	1
DRUG	C0030567	TARGET	DB05271	1
DRUG	C0030567	TARGET	DB06262	1
DRUG	C0242422	TARGET	DB00190	1
DRUG	C0242422	TARGET	DB00245	1
DRUG	C0242422	TARGET	DB00340	1
DRUG	C0242422	TARGET	DB00376	1
DRUG	C0242422	TARGET	DB00387	1
DRUG	C0242422	TARGET	DB00810	1
DRUG	C0242422	TARGET	DB00915	1
DRUG	C0242422	TARGET	DB00988	1
DRUG	C0242422	TARGET	DB01173	1
DRUG	C0242422	TARGET	DB01186	1
DRUG	C0242422	TARGET	DB01235	1
DRUG	C0020649	TARGET	DB00191	1
DRUG	C0020649	TARGET	DB00368	1
DRUG	C0020649	TARGET	DB00668	1
DRUG	C0020649	TARGET	DB00988	1
DRUG	C0020649	TARGET	DB01364	1
DRUG	C0020649	TARGET	DB01365	1
DRUG	C0150055	TARGET	DB00193	1
DRUG	C0150055	TARGET	DB00295	1
DRUG	C0150055	TARGET	DB00704	1
DRUG	C0150055	TARGET	DB00861	1
DRUG	C0150055	TARGET	DB00921	1
DRUG	C0150055	TARGET	DB01192	1
DRUG	C0150055	TARGET	DB06283	1
DRUG	C0029408	TARGET	DB00193	1
DRUG	C0029408	TARGET	DB00328	1
DRUG	C0029408	TARGET	DB00461	1
DRUG	C0029408	TARGET	DB00482	1
DRUG	C0029408	TARGET	DB00500	1
DRUG	C0029408	TARGET	DB00554	1
DRUG	C0029408	TARGET	DB00573	1
DRUG	C0029408	TARGET	DB00586	1
DRUG	C0029408	TARGET	DB00605	1
DRUG	C0029408	TARGET	DB00667	1
DRUG	C0029408	TARGET	DB00712	1
DRUG	C0029408	TARGET	DB00749	1
DRUG	C0029408	TARGET	DB00788	1
DRUG	C0029408	TARGET	DB00814	1
DRUG	C0029408	TARGET	DB00861	1
DRUG	C0029408	TARGET	DB00936	1
DRUG	C0029408	TARGET	DB00939	1
DRUG	C0029408	TARGET	DB00945	1
DRUG	C0029408	TARGET	DB00991	1
DRUG	C0029408	TARGET	DB01009	1
DRUG	C0029408	TARGET	DB01050	1
DRUG	C0029408	TARGET	DB01283	1
DRUG	C0029408	TARGET	DB01356	1
DRUG	C0029408	TARGET	DB01397	1
DRUG	C0029408	TARGET	DB01399	1
DRUG	C0029408	TARGET	DB01600	1
DRUG	C0029408	TARGET	DB08984	1
DRUG	C0029408	TARGET	DB09213	1
DRUG	C0029408	TARGET	DB11320	1
DRUG	C0030193	TARGET	DB00193	1
DRUG	C0030193	TARGET	DB00201	1
DRUG	C0030193	TARGET	DB00295	1
DRUG	C0030193	TARGET	DB00316	1
DRUG	C0030193	TARGET	DB00318	1
DRUG	C0030193	TARGET	DB00327	1
DRUG	C0030193	TARGET	DB00454	1
DRUG	C0030193	TARGET	DB00573	1
DRUG	C0030193	TARGET	DB00586	1
DRUG	C0030193	TARGET	DB00611	1
DRUG	C0030193	TARGET	DB00647	1
DRUG	C0030193	TARGET	DB00652	1
DRUG	C0030193	TARGET	DB00749	1
DRUG	C0030193	TARGET	DB00784	1
DRUG	C0030193	TARGET	DB00788	1
DRUG	C0030193	TARGET	DB00813	1
DRUG	C0030193	TARGET	DB00844	1
DRUG	C0030193	TARGET	DB00854	1
DRUG	C0030193	TARGET	DB00861	1
DRUG	C0030193	TARGET	DB00936	1
DRUG	C0030193	TARGET	DB00939	1
DRUG	C0030193	TARGET	DB00945	1
DRUG	C0030193	TARGET	DB00956	1
DRUG	C0030193	TARGET	DB00963	1
DRUG	C0030193	TARGET	DB01009	1
DRUG	C0030193	TARGET	DB01050	1
DRUG	C0030193	TARGET	DB01183	1
DRUG	C0030193	TARGET	DB01192	1
DRUG	C0030193	TARGET	DB01209	1
DRUG	C0030193	TARGET	DB01356	1
DRUG	C0030193	TARGET	DB01397	1
DRUG	C0030193	TARGET	DB01551	1
DRUG	C0030193	TARGET	DB01600	1
DRUG	C0030193	TARGET	DB06204	1
DRUG	C0030193	TARGET	DB06725	1
DRUG	C0030193	TARGET	DB08797	1
DRUG	C0030193	TARGET	DB09084	1
DRUG	C0030193	TARGET	DB09213	1
DRUG	C0030193	TARGET	DB09396	1
DRUG	C0028840	TARGET	DB00195	1
DRUG	C0028840	TARGET	DB00287	1
DRUG	C0028840	TARGET	DB00373	1
DRUG	C0028840	TARGET	DB00484	1
DRUG	C0028840	TARGET	DB00521	1
DRUG	C0028840	TARGET	DB00654	1
DRUG	C0028840	TARGET	DB00742	1
DRUG	C0028840	TARGET	DB00869	1
DRUG	C0028840	TARGET	DB00905	1
DRUG	C0028840	TARGET	DB01085	1
DRUG	C0028840	TARGET	DB01194	1
DRUG	C0028840	TARGET	DB01210	1
DRUG	C0028840	TARGET	DB01214	1
DRUG	C0028840	TARGET	DB01229	1
DRUG	C0028840	TARGET	DB06826	1
DRUG	C0028840	TARGET	DB08819	1
DRUG	C0028840	TARGET	DB09351	1
DRUG	C0700345	TARGET	DB00196	1
DRUG	C0700345	TARGET	DB00251	1
DRUG	C0700345	TARGET	DB00257	1
DRUG	C0700345	TARGET	DB00259	1
DRUG	C0700345	TARGET	DB00406	1
DRUG	C0700345	TARGET	DB00639	1
DRUG	C0700345	TARGET	DB00646	1
DRUG	C0700345	TARGET	DB01007	1
DRUG	C0700345	TARGET	DB01110	1
DRUG	C0006849	TARGET	DB00196	1
DRUG	C0006849	TARGET	DB00257	1
DRUG	C0006849	TARGET	DB00646	1
DRUG	C0006849	TARGET	DB00681	1
DRUG	C0006849	TARGET	DB01026	1
DRUG	C0021400	TARGET	DB00198	1
DRUG	C0021400	TARGET	DB00558	1
DRUG	C0021400	TARGET	DB03843	1
DRUG	C0021400	TARGET	DB06614	1
DRUG	C1318973	TARGET	DB00199	1
DRUG	C1318973	TARGET	DB00207	1
DRUG	C1318973	TARGET	DB00218	1
DRUG	C1318973	TARGET	DB00319	1
DRUG	C1318973	TARGET	DB00415	1
DRUG	C1318973	TARGET	DB00417	1
DRUG	C1318973	TARGET	DB00438	1
DRUG	C1318973	TARGET	DB00485	1
DRUG	C1318973	TARGET	DB00512	1
DRUG	C1318973	TARGET	DB00535	1
DRUG	C1318973	TARGET	DB00537	1
DRUG	C1318973	TARGET	DB00567	1
DRUG	C1318973	TARGET	DB00601	1
DRUG	C1318973	TARGET	DB00607	1
DRUG	C1318973	TARGET	DB00618	1
DRUG	C1318973	TARGET	DB00684	1
DRUG	C1318973	TARGET	DB00713	1
DRUG	C1318973	TARGET	DB00766	1
DRUG	C1318973	TARGET	DB00833	1
DRUG	C1318973	TARGET	DB00954	1
DRUG	C1318973	TARGET	DB01044	1
DRUG	C1318973	TARGET	DB01053	1
DRUG	C1318973	TARGET	DB01059	1
DRUG	C1318973	TARGET	DB01060	1
DRUG	C1318973	TARGET	DB01066	1
DRUG	C1318973	TARGET	DB01112	1
DRUG	C1318973	TARGET	DB01137	1
DRUG	C1318973	TARGET	DB01139	1
DRUG	C1318973	TARGET	DB01140	1
DRUG	C1318973	TARGET	DB01147	1
DRUG	C1318973	TARGET	DB01150	1
DRUG	C1318973	TARGET	DB01165	1
DRUG	C1318973	TARGET	DB01190	1
DRUG	C1318973	TARGET	DB01211	1
DRUG	C1318973	TARGET	DB01326	1
DRUG	C1318973	TARGET	DB01328	1
DRUG	C1318973	TARGET	DB01330	1
DRUG	C1318973	TARGET	DB01331	1
DRUG	C1318973	TARGET	DB01332	1
DRUG	C1318973	TARGET	DB01333	1
DRUG	C1318973	TARGET	DB01413	1
DRUG	C1318973	TARGET	DB01416	1
DRUG	C1318973	TARGET	DB01606	1
DRUG	C1318973	TARGET	DB01607	1
DRUG	C1318973	TARGET	DB02703	1
DRUG	C1318973	TARGET	DB06590	1
DRUG	C1318973	TARGET	DB09320	1
DRUG	C1318973	TARGET	DB09324	1
DRUG	C0023241	TARGET	DB00199	1
DRUG	C0023860	TARGET	DB00199	1
DRUG	C0023860	TARGET	DB00254	1
DRUG	C0023860	TARGET	DB01017	1
DRUG	C0023860	TARGET	DB02703	1
DRUG	C0155862	TARGET	DB00199	1
DRUG	C0155862	TARGET	DB00207	1
DRUG	C0155862	TARGET	DB00218	1
DRUG	C0155862	TARGET	DB00303	1
DRUG	C0155862	TARGET	DB00415	1
DRUG	C0155862	TARGET	DB00766	1
DRUG	C0155862	TARGET	DB00976	1
DRUG	C0155862	TARGET	DB01044	1
DRUG	C0155862	TARGET	DB01053	1
DRUG	C0155862	TARGET	DB01059	1
DRUG	C0155862	TARGET	DB01060	1
DRUG	C0155862	TARGET	DB01066	1
DRUG	C0155862	TARGET	DB01137	1
DRUG	C0155862	TARGET	DB01155	1
DRUG	C0155862	TARGET	DB01165	1
DRUG	C0155862	TARGET	DB01190	1
DRUG	C0155862	TARGET	DB01211	1
DRUG	C0155862	TARGET	DB01361	1
DRUG	C0155862	TARGET	DB01413	1
DRUG	C0155862	TARGET	DB01416	1
DRUG	C0155862	TARGET	DB06590	1
DRUG	C0155862	TARGET	DB09320	1
DRUG	C0155862	TARGET	DB09323	1
DRUG	C0001144	TARGET	DB00199	1
DRUG	C0001144	TARGET	DB00210	1
DRUG	C0001144	TARGET	DB00250	1
DRUG	C0001144	TARGET	DB00254	1
DRUG	C0001144	TARGET	DB00548	1
DRUG	C0001144	TARGET	DB00634	1
DRUG	C0001144	TARGET	DB00655	1
DRUG	C0001144	TARGET	DB00681	1
DRUG	C0001144	TARGET	DB00717	1
DRUG	C0001144	TARGET	DB00741	1
DRUG	C0001144	TARGET	DB00755	1
DRUG	C0001144	TARGET	DB00759	1
DRUG	C0001144	TARGET	DB00783	1
DRUG	C0001144	TARGET	DB00799	1
DRUG	C0001144	TARGET	DB00936	1
DRUG	C0001144	TARGET	DB00957	1
DRUG	C0001144	TARGET	DB00977	1
DRUG	C0001144	TARGET	DB01017	1
DRUG	C0001144	TARGET	DB01190	1
DRUG	C0001144	TARGET	DB01380	1
DRUG	C0001144	TARGET	DB01395	1
DRUG	C0001144	TARGET	DB02701	1
DRUG	C0001144	TARGET	DB02703	1
DRUG	C0001144	TARGET	DB09096	1
DRUG	C0001144	TARGET	DB09353	1
DRUG	C0025289	TARGET	DB00199	1
DRUG	C0025289	TARGET	DB01172	1
DRUG	C0025289	TARGET	DB01332	1
DRUG	C0008311	TARGET	DB00199	1
DRUG	C0008311	TARGET	DB00415	1
DRUG	C0008311	TARGET	DB00479	1
DRUG	C0008311	TARGET	DB00798	1
DRUG	C0008311	TARGET	DB01172	1
DRUG	C0008311	TARGET	DB01327	1
DRUG	C0008311	TARGET	DB02703	1
DRUG	C0008311	TARGET	DB09324	1
DRUG	C0019147	TARGET	DB00199	1
DRUG	C0019147	TARGET	DB00994	1
DRUG	C0019147	TARGET	DB01421	1
DRUG	C0042029	TARGET	DB00199	1
DRUG	C0042029	TARGET	DB00263	1
DRUG	C0042029	TARGET	DB00274	1
DRUG	C0042029	TARGET	DB00319	1
DRUG	C0042029	TARGET	DB00355	1
DRUG	C0042029	TARGET	DB00415	1
DRUG	C0042029	TARGET	DB00440	1
DRUG	C0042029	TARGET	DB00456	1
DRUG	C0042029	TARGET	DB00467	1
DRUG	C0042029	TARGET	DB00551	1
DRUG	C0042029	TARGET	DB00578	1
DRUG	C0042029	TARGET	DB00595	1
DRUG	C0042029	TARGET	DB00618	1
DRUG	C0042029	TARGET	DB00671	1
DRUG	C0042029	TARGET	DB00681	1
DRUG	C0042029	TARGET	DB00685	1
DRUG	C0042029	TARGET	DB00759	1
DRUG	C0042029	TARGET	DB00766	1
DRUG	C0042029	TARGET	DB00781	1
DRUG	C0042029	TARGET	DB00827	1
DRUG	C0042029	TARGET	DB00828	1
DRUG	C0042029	TARGET	DB00833	1
DRUG	C0042029	TARGET	DB00948	1
DRUG	C0042029	TARGET	DB00978	1
DRUG	C0042029	TARGET	DB00994	1
DRUG	C0042029	TARGET	DB01000	1
DRUG	C0042029	TARGET	DB01017	1
DRUG	C0042029	TARGET	DB01059	1
DRUG	C0042029	TARGET	DB01060	1
DRUG	C0042029	TARGET	DB01061	1
DRUG	C0042029	TARGET	DB01139	1
DRUG	C0042029	TARGET	DB01140	1
DRUG	C0042029	TARGET	DB01165	1
DRUG	C0042029	TARGET	DB01172	1
DRUG	C0042029	TARGET	DB01326	1
DRUG	C0042029	TARGET	DB01328	1
DRUG	C0042029	TARGET	DB01332	1
DRUG	C0042029	TARGET	DB01333	1
DRUG	C0042029	TARGET	DB01602	1
DRUG	C0042029	TARGET	DB01607	1
DRUG	C0042029	TARGET	DB02703	1
DRUG	C0042029	TARGET	DB06799	1
DRUG	C0042029	TARGET	DB09050	1
DRUG	C0042029	TARGET	DB09525	1
DRUG	C0004604	TARGET	DB00201	1
DRUG	C0004604	TARGET	DB00316	1
DRUG	C0004604	TARGET	DB00395	1
DRUG	C0004604	TARGET	DB00825	1
DRUG	C0004604	TARGET	DB00936	1
DRUG	C0004604	TARGET	DB00945	1
DRUG	C0004604	TARGET	DB01397	1
DRUG	C0004604	TARGET	DB01744	1
DRUG	C0004604	TARGET	DB06774	1
DRUG	C0004604	TARGET	DB08797	1
DRUG	C0004604	TARGET	DB09543	1
DRUG	C0003862	TARGET	DB00201	1
DRUG	C0003862	TARGET	DB00316	1
DRUG	C0003862	TARGET	DB00788	1
DRUG	C0003862	TARGET	DB00936	1
DRUG	C0003862	TARGET	DB00945	1
DRUG	C0003862	TARGET	DB01397	1
DRUG	C0003862	TARGET	DB08797	1
DRUG	C0026838	TARGET	DB00201	1
DRUG	C0026838	TARGET	DB00356	1
DRUG	C0026838	TARGET	DB00395	1
DRUG	C0026838	TARGET	DB00423	1
DRUG	C0026838	TARGET	DB00660	1
DRUG	C0026838	TARGET	DB00697	1
DRUG	C0026838	TARGET	DB00829	1
DRUG	C0026838	TARGET	DB00856	1
DRUG	C0026838	TARGET	DB00924	1
DRUG	C0026838	TARGET	DB01173	1
DRUG	C0026838	TARGET	DB01219	1
DRUG	C0026838	TARGET	DB11582	1
DRUG	C0013390	TARGET	DB00201	1
DRUG	C0013390	TARGET	DB00482	1
DRUG	C0013390	TARGET	DB00586	1
DRUG	C0013390	TARGET	DB00784	1
DRUG	C0013390	TARGET	DB00788	1
DRUG	C0013390	TARGET	DB00939	1
DRUG	C0013390	TARGET	DB01009	1
DRUG	C0013390	TARGET	DB01050	1
DRUG	C0013390	TARGET	DB01356	1
DRUG	C0013390	TARGET	DB01397	1
DRUG	C0013390	TARGET	DB06691	1
DRUG	C0013390	TARGET	DB09213	1
DRUG	C0149931	TARGET	DB00201	1
DRUG	C0149931	TARGET	DB00216	1
DRUG	C0149931	TARGET	DB00315	1
DRUG	C0149931	TARGET	DB00316	1
DRUG	C0149931	TARGET	DB00320	1
DRUG	C0149931	TARGET	DB00589	1
DRUG	C0149931	TARGET	DB00669	1
DRUG	C0149931	TARGET	DB00696	1
DRUG	C0149931	TARGET	DB00788	1
DRUG	C0149931	TARGET	DB00918	1
DRUG	C0149931	TARGET	DB00936	1
DRUG	C0149931	TARGET	DB00945	1
DRUG	C0149931	TARGET	DB00952	1
DRUG	C0149931	TARGET	DB00953	1
DRUG	C0149931	TARGET	DB00998	1
DRUG	C0149931	TARGET	DB01174	1
DRUG	C2973725	TARGET	DB00203	1
DRUG	C2973725	TARGET	DB00374	1
DRUG	C2973725	TARGET	DB00559	1
DRUG	C2973725	TARGET	DB01088	1
DRUG	C2973725	TARGET	DB01240	1
DRUG	C2973725	TARGET	DB06268	1
DRUG	C2973725	TARGET	DB06403	1
DRUG	C2973725	TARGET	DB08931	1
DRUG	C2973725	TARGET	DB08932	1
DRUG	C2973725	TARGET	DB11362	1
DRUG	C0242350	TARGET	DB00203	1
DRUG	C0242350	TARGET	DB00770	1
DRUG	C0242350	TARGET	DB00820	1
DRUG	C0242350	TARGET	DB00862	1
DRUG	C0242350	TARGET	DB06237	1
DRUG	C0242350	TARGET	DB06267	1
DRUG	C0242350	TARGET	DB09205	1
DRUG	C0024530	TARGET	DB00205	1
DRUG	C0033975	TARGET	DB00206	1
DRUG	C0033975	TARGET	DB00420	1
DRUG	C0033975	TARGET	DB00477	1
DRUG	C0033975	TARGET	DB00502	1
DRUG	C0033975	TARGET	DB00508	1
DRUG	C0033975	TARGET	DB00623	1
DRUG	C0033975	TARGET	DB01063	1
DRUG	C0033975	TARGET	DB01267	1
DRUG	C0596298	TARGET	DB00208	1
DRUG	C0596298	TARGET	DB00964	1
DRUG	C0020651	TARGET	DB00211	1
DRUG	C0017168	TARGET	DB00213	1
DRUG	C0017168	TARGET	DB00338	1
DRUG	C0017168	TARGET	DB00448	1
DRUG	C0017168	TARGET	DB00501	1
DRUG	C0017168	TARGET	DB00585	1
DRUG	C0017168	TARGET	DB00604	1
DRUG	C0017168	TARGET	DB00736	1
DRUG	C0017168	TARGET	DB00863	1
DRUG	C0017168	TARGET	DB00927	1
DRUG	C0017168	TARGET	DB01129	1
DRUG	C0017168	TARGET	DB01233	1
DRUG	C0017168	TARGET	DB06723	1
DRUG	C0017168	TARGET	DB08806	1
DRUG	C0017168	TARGET	DB09087	1
DRUG	C0017168	TARGET	DB09104	1
DRUG	C0017168	TARGET	DB09154	1
DRUG	C0017168	TARGET	DB09281	1
DRUG	C0017168	TARGET	DB09481	1
DRUG	C0027662	TARGET	DB00213	1
DRUG	C0027662	TARGET	DB00501	1
DRUG	C0027662	TARGET	DB01129	1
DRUG	C0030920	TARGET	DB00213	1
DRUG	C0030920	TARGET	DB00338	1
DRUG	C0030920	TARGET	DB00383	1
DRUG	C0030920	TARGET	DB00424	1
DRUG	C0030920	TARGET	DB00448	1
DRUG	C0030920	TARGET	DB00462	1
DRUG	C0030920	TARGET	DB00475	1
DRUG	C0030920	TARGET	DB00517	1
DRUG	C0030920	TARGET	DB00585	1
DRUG	C0030920	TARGET	DB00670	1
DRUG	C0030920	TARGET	DB00725	1
DRUG	C0030920	TARGET	DB00736	1
DRUG	C0030920	TARGET	DB00747	1
DRUG	C0030920	TARGET	DB00782	1
DRUG	C0030920	TARGET	DB00940	1
DRUG	C0030920	TARGET	DB00986	1
DRUG	C0030920	TARGET	DB01129	1
DRUG	C0030920	TARGET	DB01625	1
DRUG	C0030920	TARGET	DB04843	1
DRUG	C0030920	TARGET	DB05265	1
DRUG	C0030920	TARGET	DB06723	1
DRUG	C0030920	TARGET	DB09087	1
DRUG	C0030920	TARGET	DB09104	1
DRUG	C0030920	TARGET	DB09154	1
DRUG	C0030920	TARGET	DB09221	1
DRUG	C0030920	TARGET	DB09281	1
DRUG	C0030920	TARGET	DB09481	1
DRUG	C0013604	TARGET	DB00214	1
DRUG	C0013604	TARGET	DB00232	1
DRUG	C0013604	TARGET	DB00310	1
DRUG	C0013604	TARGET	DB00384	1
DRUG	C0013604	TARGET	DB00421	1
DRUG	C0013604	TARGET	DB00594	1
DRUG	C0013604	TARGET	DB00695	1
DRUG	C0013604	TARGET	DB00742	1
DRUG	C0013604	TARGET	DB00774	1
DRUG	C0013604	TARGET	DB00808	1
DRUG	C0013604	TARGET	DB00819	1
DRUG	C0013604	TARGET	DB00880	1
DRUG	C0013604	TARGET	DB00887	1
DRUG	C0013604	TARGET	DB00903	1
DRUG	C0013604	TARGET	DB00999	1
DRUG	C1269683	TARGET	DB00215	1
DRUG	C1269683	TARGET	DB00234	1
DRUG	C1269683	TARGET	DB00285	1
DRUG	C1269683	TARGET	DB00334	1
DRUG	C1269683	TARGET	DB00370	1
DRUG	C1269683	TARGET	DB00472	1
DRUG	C1269683	TARGET	DB00476	1
DRUG	C1269683	TARGET	DB00656	1
DRUG	C1269683	TARGET	DB00715	1
DRUG	C1269683	TARGET	DB00752	1
DRUG	C1269683	TARGET	DB01037	1
DRUG	C1269683	TARGET	DB01149	1
DRUG	C1269683	TARGET	DB01156	1
DRUG	C1269683	TARGET	DB01175	1
DRUG	C1269683	TARGET	DB01247	1
DRUG	C1269683	TARGET	DB06148	1
DRUG	C1269683	TARGET	DB06594	1
DRUG	C1269683	TARGET	DB06684	1
DRUG	C1269683	TARGET	DB06700	1
DRUG	C1269683	TARGET	DB08918	1
DRUG	C1269683	TARGET	DB09068	1
DRUG	C1269683	TARGET	DB09128	1
DRUG	C1269683	TARGET	DB09167	1
DRUG	C0011581	TARGET	DB00215	1
DRUG	C0011581	TARGET	DB00321	1
DRUG	C0011581	TARGET	DB00344	1
DRUG	C0011581	TARGET	DB00458	1
DRUG	C0011581	TARGET	DB00472	1
DRUG	C0011581	TARGET	DB00540	1
DRUG	C0011581	TARGET	DB00543	1
DRUG	C0011581	TARGET	DB00715	1
DRUG	C0011581	TARGET	DB00726	1
DRUG	C0011581	TARGET	DB00780	1
DRUG	C0011581	TARGET	DB00934	1
DRUG	C0011581	TARGET	DB01104	1
DRUG	C0011581	TARGET	DB01142	1
DRUG	C0011581	TARGET	DB01151	1
DRUG	C0011581	TARGET	DB01156	1
DRUG	C0011581	TARGET	DB01171	1
DRUG	C0011581	TARGET	DB01545	1
DRUG	C0011581	TARGET	DB08998	1
DRUG	C0011581	TARGET	DB09016	1
DRUG	C0011581	TARGET	DB09244	1
DRUG	C0011581	TARGET	DB09245	1
DRUG	C0031154	TARGET	DB00218	1
DRUG	C0031154	TARGET	DB00319	1
DRUG	C0031154	TARGET	DB00355	1
DRUG	C0031154	TARGET	DB00438	1
DRUG	C0031154	TARGET	DB00493	1
DRUG	C0031154	TARGET	DB00760	1
DRUG	C0031154	TARGET	DB00798	1
DRUG	C0031154	TARGET	DB00916	1
DRUG	C0031154	TARGET	DB01059	1
DRUG	C0031154	TARGET	DB01326	1
DRUG	C0031154	TARGET	DB01331	1
DRUG	C0031154	TARGET	DB01597	1
DRUG	C0031154	TARGET	DB01598	1
DRUG	C0031154	TARGET	DB01606	1
DRUG	C0031154	TARGET	DB02703	1
DRUG	C0015230	TARGET	DB00223	1
DRUG	C0015230	TARGET	DB00240	1
DRUG	C0015230	TARGET	DB00288	1
DRUG	C0015230	TARGET	DB00443	1
DRUG	C0015230	TARGET	DB00547	1
DRUG	C0015230	TARGET	DB00588	1
DRUG	C0015230	TARGET	DB00591	1
DRUG	C0015230	TARGET	DB00596	1
DRUG	C0015230	TARGET	DB00620	1
DRUG	C0015230	TARGET	DB00663	1
DRUG	C0015230	TARGET	DB00741	1
DRUG	C0015230	TARGET	DB00764	1
DRUG	C0015230	TARGET	DB00838	1
DRUG	C0015230	TARGET	DB00846	1
DRUG	C0015230	TARGET	DB00860	1
DRUG	C0015230	TARGET	DB00959	1
DRUG	C0015230	TARGET	DB01047	1
DRUG	C0015230	TARGET	DB01130	1
DRUG	C0015230	TARGET	DB01234	1
DRUG	C0015230	TARGET	DB01260	1
DRUG	C0015230	TARGET	DB01380	1
DRUG	C0015230	TARGET	DB03904	1
DRUG	C0015230	TARGET	DB06768	1
DRUG	C0015230	TARGET	DB06786	1
DRUG	C0015230	TARGET	DB09096	1
DRUG	C0015230	TARGET	DB09321	1
DRUG	C0015230	TARGET	DB09345	1
DRUG	C0024138	TARGET	DB00223	1
DRUG	C0024138	TARGET	DB00240	1
DRUG	C0024138	TARGET	DB00288	1
DRUG	C0024138	TARGET	DB00443	1
DRUG	C0024138	TARGET	DB00547	1
DRUG	C0024138	TARGET	DB00588	1
DRUG	C0024138	TARGET	DB00591	1
DRUG	C0024138	TARGET	DB00596	1
DRUG	C0024138	TARGET	DB00608	1
DRUG	C0024138	TARGET	DB00620	1
DRUG	C0024138	TARGET	DB00663	1
DRUG	C0024138	TARGET	DB00741	1
DRUG	C0024138	TARGET	DB00764	1
DRUG	C0024138	TARGET	DB00838	1
DRUG	C0024138	TARGET	DB00846	1
DRUG	C0024138	TARGET	DB00860	1
DRUG	C0024138	TARGET	DB00959	1
DRUG	C0024138	TARGET	DB01047	1
DRUG	C0024138	TARGET	DB01130	1
DRUG	C0024138	TARGET	DB01234	1
DRUG	C0024138	TARGET	DB01260	1
DRUG	C0024138	TARGET	DB01380	1
DRUG	C0024138	TARGET	DB01611	1
DRUG	C0024138	TARGET	DB06786	1
DRUG	C0011616	TARGET	DB00223	1
DRUG	C0011616	TARGET	DB00240	1
DRUG	C0011616	TARGET	DB00288	1
DRUG	C0011616	TARGET	DB00443	1
DRUG	C0011616	TARGET	DB00547	1
DRUG	C0011616	TARGET	DB00588	1
DRUG	C0011616	TARGET	DB00591	1
DRUG	C0011616	TARGET	DB00596	1
DRUG	C0011616	TARGET	DB00620	1
DRUG	C0011616	TARGET	DB00635	1
DRUG	C0011616	TARGET	DB00663	1
DRUG	C0011616	TARGET	DB00741	1
DRUG	C0011616	TARGET	DB00764	1
DRUG	C0011616	TARGET	DB00838	1
DRUG	C0011616	TARGET	DB00846	1
DRUG	C0011616	TARGET	DB00860	1
DRUG	C0011616	TARGET	DB00959	1
DRUG	C0011616	TARGET	DB01013	1
DRUG	C0011616	TARGET	DB01047	1
DRUG	C0011616	TARGET	DB01130	1
DRUG	C0011616	TARGET	DB01234	1
DRUG	C0011616	TARGET	DB01260	1
DRUG	C0011616	TARGET	DB01380	1
DRUG	C0011616	TARGET	DB03904	1
DRUG	C0011616	TARGET	DB06768	1
DRUG	C0011616	TARGET	DB06786	1
DRUG	C0011616	TARGET	DB09096	1
DRUG	C0011615	TARGET	DB00223	1
DRUG	C0011615	TARGET	DB00240	1
DRUG	C0011615	TARGET	DB00288	1
DRUG	C0011615	TARGET	DB00443	1
DRUG	C0011615	TARGET	DB00547	1
DRUG	C0011615	TARGET	DB00557	1
DRUG	C0011615	TARGET	DB00588	1
DRUG	C0011615	TARGET	DB00591	1
DRUG	C0011615	TARGET	DB00620	1
DRUG	C0011615	TARGET	DB00663	1
DRUG	C0011615	TARGET	DB00741	1
DRUG	C0011615	TARGET	DB00846	1
DRUG	C0011615	TARGET	DB00860	1
DRUG	C0011615	TARGET	DB00959	1
DRUG	C0011615	TARGET	DB01130	1
DRUG	C0011615	TARGET	DB01234	1
DRUG	C0011615	TARGET	DB06768	1
DRUG	C0011615	TARGET	DB06786	1
DRUG	C0020473	TARGET	DB00227	1
DRUG	C0020473	TARGET	DB00375	1
DRUG	C0020473	TARGET	DB00451	1
DRUG	C0020473	TARGET	DB00509	1
DRUG	C0020473	TARGET	DB00627	1
DRUG	C0020473	TARGET	DB00636	1
DRUG	C0020473	TARGET	DB00973	1
DRUG	C0020473	TARGET	DB01039	1
DRUG	C0020473	TARGET	DB01393	1
DRUG	C0020473	TARGET	DB01432	1
DRUG	C0020473	TARGET	DB01599	1
DRUG	C0473527	TARGET	DB00227	1
DRUG	C0473527	TARGET	DB00641	1
DRUG	C0473527	TARGET	DB01039	1
DRUG	C0032768	TARGET	DB00230	1
DRUG	C0032768	TARGET	DB00281	1
DRUG	C0032768	TARGET	DB00996	1
DRUG	C0032768	TARGET	DB06774	1
DRUG	C0032768	TARGET	DB08872	1
DRUG	C0023443	TARGET	DB00242	1
DRUG	C0023443	TARGET	DB00552	1
DRUG	C0002962	TARGET	DB00243	1
DRUG	C0002962	TARGET	DB00264	1
DRUG	C0002962	TARGET	DB00335	1
DRUG	C0002962	TARGET	DB00343	1
DRUG	C0002962	TARGET	DB00381	1
DRUG	C0002962	TARGET	DB00571	1
DRUG	C0002962	TARGET	DB00661	1
DRUG	C0002962	TARGET	DB00883	1
DRUG	C0002962	TARGET	DB01020	1
DRUG	C0002962	TARGET	DB01076	1
DRUG	C0002962	TARGET	DB01115	1
DRUG	C0002962	TARGET	DB01203	1
DRUG	C0002962	TARGET	DB01244	1
DRUG	C0015371	TARGET	DB00245	1
DRUG	C0015371	TARGET	DB00376	1
DRUG	C0015371	TARGET	DB00387	1
DRUG	C0015371	TARGET	DB00810	1
DRUG	C0015371	TARGET	DB00915	1
DRUG	C0036341	TARGET	DB00246	1
DRUG	C0036341	TARGET	DB00334	1
DRUG	C0036341	TARGET	DB00391	1
DRUG	C0036341	TARGET	DB00408	1
DRUG	C0036341	TARGET	DB00420	1
DRUG	C0036341	TARGET	DB00433	1
DRUG	C0036341	TARGET	DB00477	1
DRUG	C0036341	TARGET	DB00502	1
DRUG	C0036341	TARGET	DB00623	1
DRUG	C0036341	TARGET	DB00734	1
DRUG	C0036341	TARGET	DB00831	1
DRUG	C0036341	TARGET	DB00850	1
DRUG	C0036341	TARGET	DB00875	1
DRUG	C0036341	TARGET	DB00933	1
DRUG	C0036341	TARGET	DB01224	1
DRUG	C0036341	TARGET	DB01238	1
DRUG	C0036341	TARGET	DB01239	1
DRUG	C0036341	TARGET	DB01267	1
DRUG	C0036341	TARGET	DB01618	1
DRUG	C0036341	TARGET	DB01621	1
DRUG	C0036341	TARGET	DB01623	1
DRUG	C0036341	TARGET	DB04842	1
DRUG	C0036341	TARGET	DB04946	1
DRUG	C0036341	TARGET	DB06016	1
DRUG	C0036341	TARGET	DB06144	1
DRUG	C0036341	TARGET	DB06216	1
DRUG	C0036341	TARGET	DB08815	1
DRUG	C0036341	TARGET	DB08922	1
DRUG	C0036341	TARGET	DB09128	1
DRUG	C0036341	TARGET	DB09223	1
DRUG	C0020514	TARGET	DB00248	1
DRUG	C0020514	TARGET	DB01200	1
DRUG	C0023343	TARGET	DB00250	1
DRUG	C0023343	TARGET	DB00845	1
DRUG	C0014544	TARGET	DB00252	1
DRUG	C0014544	TARGET	DB00312	1
DRUG	C0014544	TARGET	DB00313	1
DRUG	C0014544	TARGET	DB00347	1
DRUG	C0014544	TARGET	DB00418	1
DRUG	C0014544	TARGET	DB00555	1
DRUG	C0014544	TARGET	DB00564	1
DRUG	C0014544	TARGET	DB00599	1
DRUG	C0014544	TARGET	DB00617	1
DRUG	C0014544	TARGET	DB00794	1
DRUG	C0014544	TARGET	DB00832	1
DRUG	C0014544	TARGET	DB00849	1
DRUG	C0014544	TARGET	DB00949	1
DRUG	C0014544	TARGET	DB01121	1
DRUG	C0014544	TARGET	DB01174	1
DRUG	C0014544	TARGET	DB01320	1
DRUG	C0014544	TARGET	DB01351	1
DRUG	C0014544	TARGET	DB05246	1
DRUG	C0014547	TARGET	DB00252	1
DRUG	C0014547	TARGET	DB00564	1
DRUG	C0014547	TARGET	DB00776	1
DRUG	C0014547	TARGET	DB00794	1
DRUG	C0494475	TARGET	DB00252	1
DRUG	C0494475	TARGET	DB00555	1
DRUG	C0494475	TARGET	DB00564	1
DRUG	C0494475	TARGET	DB00794	1
DRUG	C0494475	TARGET	DB01174	1
DRUG	C0014549	TARGET	DB00252	1
DRUG	C0014549	TARGET	DB00273	1
DRUG	C0014549	TARGET	DB00564	1
DRUG	C0014549	TARGET	DB00754	1
DRUG	C0014549	TARGET	DB00794	1
DRUG	C0014549	TARGET	DB00849	1
DRUG	C0014549	TARGET	DB01174	1
DRUG	C0234974	TARGET	DB00252	1
DRUG	C0234974	TARGET	DB00273	1
DRUG	C0234974	TARGET	DB00555	1
DRUG	C0234974	TARGET	DB00564	1
DRUG	C0234974	TARGET	DB00776	1
DRUG	C0234974	TARGET	DB00794	1
DRUG	C0234974	TARGET	DB00906	1
DRUG	C0234974	TARGET	DB00949	1
DRUG	C0234974	TARGET	DB01174	1
DRUG	C0234974	TARGET	DB01202	1
DRUG	C0042164	TARGET	DB00253	1
DRUG	C0042164	TARGET	DB00324	1
DRUG	C0042164	TARGET	DB00620	1
DRUG	C0042164	TARGET	DB00741	1
DRUG	C0042164	TARGET	DB00747	1
DRUG	C0042164	TARGET	DB00781	1
DRUG	C0042164	TARGET	DB00858	1
DRUG	C0042164	TARGET	DB00860	1
DRUG	C0042164	TARGET	DB00896	1
DRUG	C0042164	TARGET	DB00994	1
DRUG	C0042164	TARGET	DB01234	1
DRUG	C0042164	TARGET	DB01380	1
DRUG	C0010043	TARGET	DB00253	1
DRUG	C0010043	TARGET	DB00324	1
DRUG	C0010043	TARGET	DB00741	1
DRUG	C0010043	TARGET	DB00858	1
DRUG	C0010043	TARGET	DB00860	1
DRUG	C0010043	TARGET	DB01234	1
DRUG	C0010043	TARGET	DB01380	1
DRUG	C0006309	TARGET	DB00254	1
DRUG	C0006309	TARGET	DB00595	1
DRUG	C0006309	TARGET	DB00618	1
DRUG	C0006309	TARGET	DB00681	1
DRUG	C0006309	TARGET	DB00759	1
DRUG	C0006309	TARGET	DB01017	1
DRUG	C0006309	TARGET	DB01082	1
DRUG	C0006309	TARGET	DB02703	1
DRUG	C0034362	TARGET	DB00254	1
DRUG	C0034362	TARGET	DB00595	1
DRUG	C0034362	TARGET	DB00618	1
DRUG	C0034362	TARGET	DB00681	1
DRUG	C0034362	TARGET	DB00759	1
DRUG	C0034362	TARGET	DB01017	1
DRUG	C0034362	TARGET	DB02703	1
DRUG	C0037199	TARGET	DB00254	1
DRUG	C0037199	TARGET	DB00415	1
DRUG	C0037199	TARGET	DB00595	1
DRUG	C0037199	TARGET	DB00618	1
DRUG	C0037199	TARGET	DB00681	1
DRUG	C0037199	TARGET	DB00713	1
DRUG	C0037199	TARGET	DB00759	1
DRUG	C0037199	TARGET	DB01017	1
DRUG	C0037199	TARGET	DB01147	1
DRUG	C0037199	TARGET	DB01602	1
DRUG	C0037199	TARGET	DB01603	1
DRUG	C0037199	TARGET	DB02703	1
DRUG	C0035585	TARGET	DB00254	1
DRUG	C0035585	TARGET	DB00446	1
DRUG	C0035585	TARGET	DB02703	1
DRUG	C0035021	TARGET	DB00254	1
DRUG	C0035021	TARGET	DB00595	1
DRUG	C0035021	TARGET	DB00618	1
DRUG	C0035021	TARGET	DB00681	1
DRUG	C0035021	TARGET	DB00759	1
DRUG	C0035021	TARGET	DB01017	1
DRUG	C0035021	TARGET	DB02703	1
DRUG	C0008149	TARGET	DB00254	1
DRUG	C0008149	TARGET	DB02703	1
DRUG	C0018790	TARGET	DB00258	1
DRUG	C0018790	TARGET	DB00326	1
DRUG	C0018790	TARGET	DB01064	1
DRUG	C0018790	TARGET	DB01164	1
DRUG	C0020461	TARGET	DB00258	1
DRUG	C0020461	TARGET	DB00326	1
DRUG	C0020461	TARGET	DB01164	1
DRUG	C0020461	TARGET	DB01344	1
DRUG	C0020461	TARGET	DB09263	1
DRUG	C0040028	TARGET	DB00261	1
DRUG	C0153633	TARGET	DB00262	1
DRUG	C0019829	TARGET	DB00262	1
DRUG	C0019829	TARGET	DB00290	1
DRUG	C0019829	TARGET	DB00291	1
DRUG	C0019829	TARGET	DB00443	1
DRUG	C0019829	TARGET	DB00541	1
DRUG	C0019829	TARGET	DB00570	1
DRUG	C0019829	TARGET	DB00620	1
DRUG	C0019829	TARGET	DB00635	1
DRUG	C0019829	TARGET	DB00741	1
DRUG	C0019829	TARGET	DB00851	1
DRUG	C0019829	TARGET	DB00860	1
DRUG	C0019829	TARGET	DB00888	1
DRUG	C0019829	TARGET	DB00959	1
DRUG	C0019829	TARGET	DB00997	1
DRUG	C0019829	TARGET	DB01168	1
DRUG	C0019829	TARGET	DB01206	1
DRUG	C0019829	TARGET	DB01234	1
DRUG	C0019829	TARGET	DB01380	1
DRUG	C0019829	TARGET	DB04572	1
DRUG	C0019829	TARGET	DB08870	1
DRUG	C0079744	TARGET	DB00262	1
DRUG	C0079744	TARGET	DB00290	1
DRUG	C0079744	TARGET	DB00541	1
DRUG	C0079744	TARGET	DB00635	1
DRUG	C0079744	TARGET	DB00997	1
DRUG	C0079744	TARGET	DB01234	1
DRUG	C0555198	TARGET	DB00262	1
DRUG	C0025294	TARGET	DB00263	1
DRUG	C0025294	TARGET	DB00415	1
DRUG	C0025294	TARGET	DB00438	1
DRUG	C0025294	TARGET	DB00446	1
DRUG	C0025294	TARGET	DB00493	1
DRUG	C0025294	TARGET	DB00760	1
DRUG	C0025294	TARGET	DB01053	1
DRUG	C0025294	TARGET	DB01212	1
DRUG	C0024535	TARGET	DB00263	1
DRUG	C0024535	TARGET	DB00468	1
DRUG	C0024535	TARGET	DB00608	1
DRUG	C0024535	TARGET	DB01117	1
DRUG	C0024535	TARGET	DB01131	1
DRUG	C0024535	TARGET	DB01218	1
DRUG	C0024535	TARGET	DB01611	1
DRUG	C0024535	TARGET	DB06708	1
DRUG	C0024535	TARGET	DB09274	1
DRUG	C0027051	TARGET	DB00264	1
DRUG	C0027051	TARGET	DB00266	1
DRUG	C0027051	TARGET	DB00335	1
DRUG	C0027051	TARGET	DB00722	1
DRUG	C0027051	TARGET	DB00936	1
DRUG	C0027051	TARGET	DB00945	1
DRUG	C0027051	TARGET	DB00946	1
DRUG	C0033774	TARGET	DB00265	1
DRUG	C0033774	TARGET	DB00281	1
DRUG	C0033774	TARGET	DB00283	1
DRUG	C0033774	TARGET	DB00297	1
DRUG	C0033774	TARGET	DB00366	1
DRUG	C0033774	TARGET	DB00405	1
DRUG	C0033774	TARGET	DB00420	1
DRUG	C0033774	TARGET	DB00427	1
DRUG	C0033774	TARGET	DB00434	1
DRUG	C0033774	TARGET	DB00527	1
DRUG	C0033774	TARGET	DB00557	1
DRUG	C0033774	TARGET	DB00645	1
DRUG	C0033774	TARGET	DB00719	1
DRUG	C0033774	TARGET	DB00748	1
DRUG	C0033774	TARGET	DB00792	1
DRUG	C0033774	TARGET	DB00825	1
DRUG	C0033774	TARGET	DB00835	1
DRUG	C0033774	TARGET	DB00871	1
DRUG	C0033774	TARGET	DB00902	1
DRUG	C0033774	TARGET	DB01084	1
DRUG	C0033774	TARGET	DB01086	1
DRUG	C0033774	TARGET	DB01114	1
DRUG	C0033774	TARGET	DB01142	1
DRUG	C0033774	TARGET	DB01146	1
DRUG	C0033774	TARGET	DB01246	1
DRUG	C0033774	TARGET	DB01619	1
DRUG	C0033774	TARGET	DB01620	1
DRUG	C0033774	TARGET	DB03255	1
DRUG	C0033774	TARGET	DB04398	1
DRUG	C0033774	TARGET	DB06691	1
DRUG	C0033774	TARGET	DB06768	1
DRUG	C0033774	TARGET	DB06770	1
DRUG	C0033774	TARGET	DB08799	1
DRUG	C0033774	TARGET	DB09085	1
DRUG	C0033774	TARGET	DB09321	1
DRUG	C0033774	TARGET	DB09345	1
DRUG	C0033774	TARGET	DB09555	1
DRUG	C0040038	TARGET	DB00266	1
DRUG	C0040038	TARGET	DB00682	1
DRUG	C0040038	TARGET	DB00946	1
DRUG	C0040053	TARGET	DB00266	1
DRUG	C0040053	TARGET	DB00682	1
DRUG	C0040053	TARGET	DB00946	1
DRUG	C0035258	TARGET	DB00268	1
DRUG	C0035258	TARGET	DB00413	1
DRUG	C0035258	TARGET	DB00996	1
DRUG	C0035258	TARGET	DB05271	1
DRUG	C0035258	TARGET	DB08872	1
DRUG	C0032285	TARGET	DB00274	1
DRUG	C0032285	TARGET	DB00456	1
DRUG	C0032285	TARGET	DB00595	1
DRUG	C0032285	TARGET	DB00618	1
DRUG	C0032285	TARGET	DB00681	1
DRUG	C0032285	TARGET	DB00759	1
DRUG	C0032285	TARGET	DB00833	1
DRUG	C0032285	TARGET	DB00954	1
DRUG	C0032285	TARGET	DB01017	1
DRUG	C0032285	TARGET	DB01059	1
DRUG	C0032285	TARGET	DB01139	1
DRUG	C0032285	TARGET	DB01165	1
DRUG	C0032285	TARGET	DB01208	1
DRUG	C0032285	TARGET	DB01326	1
DRUG	C0032285	TARGET	DB01328	1
DRUG	C0032285	TARGET	DB01332	1
DRUG	C0032285	TARGET	DB01333	1
DRUG	C0032285	TARGET	DB02703	1
DRUG	C0024115	TARGET	DB00277	1
DRUG	C0024115	TARGET	DB01223	1
DRUG	C0024115	TARGET	DB01291	1
DRUG	C0034067	TARGET	DB00277	1
DRUG	C0034067	TARGET	DB00332	1
DRUG	C0034067	TARGET	DB00368	1
DRUG	C0034067	TARGET	DB00588	1
DRUG	C0034067	TARGET	DB00651	1
DRUG	C0034067	TARGET	DB00668	1
DRUG	C0034067	TARGET	DB00816	1
DRUG	C0034067	TARGET	DB00871	1
DRUG	C0034067	TARGET	DB00938	1
DRUG	C0034067	TARGET	DB00983	1
DRUG	C0034067	TARGET	DB01223	1
DRUG	C0034067	TARGET	DB01274	1
DRUG	C0034067	TARGET	DB01291	1
DRUG	C0034067	TARGET	DB01409	1
DRUG	C0034067	TARGET	DB09082	1
DRUG	C0007115	TARGET	DB00279	1
DRUG	C0007115	TARGET	DB00451	1
DRUG	C0007115	TARGET	DB00997	1
DRUG	C0010308	TARGET	DB00279	1
DRUG	C0010308	TARGET	DB00451	1
DRUG	C0018021	TARGET	DB00279	1
DRUG	C0018021	TARGET	DB00451	1
DRUG	C0020676	TARGET	DB00279	1
DRUG	C0020676	TARGET	DB00451	1
DRUG	C0019112	TARGET	DB00281	1
DRUG	C0019112	TARGET	DB00388	1
DRUG	C0019112	TARGET	DB00741	1
DRUG	C0019112	TARGET	DB01380	1
DRUG	C0019112	TARGET	DB09321	1
DRUG	C0019112	TARGET	DB09345	1
DRUG	C0027796	TARGET	DB00281	1
DRUG	C0027796	TARGET	DB06774	1
DRUG	C0149911	TARGET	DB00282	1
DRUG	C0149911	TARGET	DB00399	1
DRUG	C0149911	TARGET	DB00443	1
DRUG	C0149911	TARGET	DB00620	1
DRUG	C0149911	TARGET	DB00635	1
DRUG	C0149911	TARGET	DB00741	1
DRUG	C0149911	TARGET	DB00860	1
DRUG	C0149911	TARGET	DB00959	1
DRUG	C0149911	TARGET	DB01077	1
DRUG	C0149911	TARGET	DB01234	1
DRUG	C0149911	TARGET	DB01380	1
DRUG	C0037383	TARGET	DB00283	1
DRUG	C0037383	TARGET	DB00318	1
DRUG	C0037383	TARGET	DB00341	1
DRUG	C0037383	TARGET	DB00366	1
DRUG	C0037383	TARGET	DB00388	1
DRUG	C0037383	TARGET	DB00397	1
DRUG	C0037383	TARGET	DB00420	1
DRUG	C0037383	TARGET	DB00434	1
DRUG	C0037383	TARGET	DB00455	1
DRUG	C0037383	TARGET	DB00514	1
DRUG	C0037383	TARGET	DB00637	1
DRUG	C0037383	TARGET	DB00719	1
DRUG	C0037383	TARGET	DB00792	1
DRUG	C0037383	TARGET	DB00902	1
DRUG	C0037383	TARGET	DB00950	1
DRUG	C0037383	TARGET	DB00967	1
DRUG	C0037383	TARGET	DB01114	1
DRUG	C0037383	TARGET	DB01146	1
DRUG	C0037383	TARGET	DB01176	1
DRUG	C0037383	TARGET	DB01246	1
DRUG	C0037383	TARGET	DB01364	1
DRUG	C0037383	TARGET	DB01619	1
DRUG	C0037383	TARGET	DB01620	1
DRUG	C0037383	TARGET	DB06691	1
DRUG	C0037383	TARGET	DB08799	1
DRUG	C0037383	TARGET	DB08936	1
DRUG	C0037383	TARGET	DB09488	1
DRUG	C0042109	TARGET	DB00283	1
DRUG	C0042109	TARGET	DB00366	1
DRUG	C0042109	TARGET	DB00405	1
DRUG	C0042109	TARGET	DB00420	1
DRUG	C0042109	TARGET	DB00427	1
DRUG	C0042109	TARGET	DB00434	1
DRUG	C0042109	TARGET	DB00557	1
DRUG	C0042109	TARGET	DB00719	1
DRUG	C0042109	TARGET	DB00748	1
DRUG	C0042109	TARGET	DB00792	1
DRUG	C0042109	TARGET	DB00835	1
DRUG	C0042109	TARGET	DB00902	1
DRUG	C0042109	TARGET	DB01069	1
DRUG	C0042109	TARGET	DB01084	1
DRUG	C0042109	TARGET	DB01114	1
DRUG	C0042109	TARGET	DB01146	1
DRUG	C0042109	TARGET	DB01246	1
DRUG	C0042109	TARGET	DB01619	1
DRUG	C0042109	TARGET	DB01620	1
DRUG	C0042109	TARGET	DB06691	1
DRUG	C0042109	TARGET	DB08799	1
DRUG	C0042109	TARGET	DB09555	1
DRUG	C0042109	TARGET	DB11591	1
DRUG	C0007137	TARGET	DB00290	1
DRUG	C0007847	TARGET	DB00290	1
DRUG	C0007847	TARGET	DB01030	1
DRUG	C0278996	TARGET	DB00290	1
DRUG	C0278996	TARGET	DB00563	1
DRUG	C0278996	TARGET	DB01005	1
DRUG	C0278996	TARGET	DB01248	1
DRUG	C1336708	TARGET	DB00290	1
DRUG	C1336708	TARGET	DB00515	1
DRUG	C1336708	TARGET	DB01181	1
DRUG	C1336708	TARGET	DB09110	1
DRUG	C0153601	TARGET	DB00290	1
DRUG	C0011991	TARGET	DB00295	1
DRUG	C0011991	TARGET	DB00836	1
DRUG	C0011991	TARGET	DB01081	1
DRUG	C0011991	TARGET	DB01294	1
DRUG	C0011991	TARGET	DB01501	1
DRUG	C0242379	TARGET	DB00309	1
DRUG	C0242379	TARGET	DB00563	1
DRUG	C0242379	TARGET	DB00888	1
DRUG	C0242379	TARGET	DB00997	1
DRUG	C0023473	TARGET	DB00309	1
DRUG	C0023473	TARGET	DB00791	1
DRUG	C0023473	TARGET	DB00888	1
DRUG	C0023473	TARGET	DB01005	1
DRUG	C0023473	TARGET	DB04865	1
DRUG	C0023473	TARGET	DB08901	1
DRUG	C0025202	TARGET	DB00309	1
DRUG	C0025202	TARGET	DB01005	1
DRUG	C0917798	TARGET	DB00312	1
DRUG	C0917798	TARGET	DB00692	1
DRUG	C0917798	TARGET	DB01113	1
DRUG	C0015967	TARGET	DB00316	1
DRUG	C0015967	TARGET	DB00318	1
DRUG	C0015967	TARGET	DB00388	1
DRUG	C0015967	TARGET	DB00514	1
DRUG	C0015967	TARGET	DB00788	1
DRUG	C0015967	TARGET	DB00874	1
DRUG	C0015967	TARGET	DB00936	1
DRUG	C0015967	TARGET	DB01050	1
DRUG	C0015967	TARGET	DB01356	1
DRUG	C0015967	TARGET	DB01397	1
DRUG	C0015967	TARGET	DB01620	1
DRUG	C0015967	TARGET	DB08797	1
DRUG	C0015967	TARGET	DB09213	1
DRUG	C0040460	TARGET	DB00316	1
DRUG	C0040460	TARGET	DB00788	1
DRUG	C0040460	TARGET	DB00936	1
DRUG	C0040460	TARGET	DB00945	1
DRUG	C0007131	TARGET	DB00317	1
DRUG	C0007131	TARGET	DB00361	1
DRUG	C0007131	TARGET	DB00441	1
DRUG	C0007131	TARGET	DB00530	1
DRUG	C0007131	TARGET	DB00642	1
DRUG	C0007131	TARGET	DB00707	1
DRUG	C0007131	TARGET	DB01229	1
DRUG	C0007131	TARGET	DB01248	1
DRUG	C0007131	TARGET	DB05578	1
DRUG	C0007131	TARGET	DB09035	1
DRUG	C0007131	TARGET	DB09037	1
DRUG	C0007131	TARGET	DB09079	1
DRUG	C0007131	TARGET	DB09559	1
DRUG	C0007131	TARGET	DB11363	1
DRUG	C0014836	TARGET	DB00319	1
DRUG	C0014836	TARGET	DB00355	1
DRUG	C0014836	TARGET	DB00415	1
DRUG	C0014836	TARGET	DB00438	1
DRUG	C0014836	TARGET	DB00479	1
DRUG	C0014836	TARGET	DB00537	1
DRUG	C0014836	TARGET	DB00684	1
DRUG	C0014836	TARGET	DB00766	1
DRUG	C0014836	TARGET	DB00798	1
DRUG	C0014836	TARGET	DB01059	1
DRUG	C0014836	TARGET	DB01060	1
DRUG	C0014836	TARGET	DB01112	1
DRUG	C0014836	TARGET	DB01139	1
DRUG	C0014836	TARGET	DB01165	1
DRUG	C0014836	TARGET	DB01212	1
DRUG	C0014836	TARGET	DB01326	1
DRUG	C0014836	TARGET	DB01330	1
DRUG	C0014836	TARGET	DB01331	1
DRUG	C0014836	TARGET	DB01332	1
DRUG	C0014836	TARGET	DB01607	1
DRUG	C0014836	TARGET	DB02703	1
DRUG	C0014836	TARGET	DB06590	1
DRUG	C0014836	TARGET	DB09324	1
DRUG	C0003615	TARGET	DB00319	1
DRUG	C0003615	TARGET	DB01606	1
DRUG	C0338908	TARGET	DB00321	1
DRUG	C0338908	TARGET	DB00404	1
DRUG	C0338908	TARGET	DB00475	1
DRUG	C0338908	TARGET	DB00850	1
DRUG	C0338908	TARGET	DB00934	1
DRUG	C0345904	TARGET	DB00322	1
DRUG	C0013274	TARGET	DB00328	1
DRUG	C0039103	TARGET	DB00328	1
DRUG	C0039103	TARGET	DB00443	1
DRUG	C0039103	TARGET	DB00620	1
DRUG	C0039103	TARGET	DB00741	1
DRUG	C0039103	TARGET	DB00860	1
DRUG	C0039103	TARGET	DB00936	1
DRUG	C0039103	TARGET	DB00959	1
DRUG	C0039103	TARGET	DB01380	1
DRUG	C0039103	TARGET	DB01397	1
DRUG	C0018099	TARGET	DB00328	1
DRUG	C0018099	TARGET	DB00437	1
DRUG	C0018099	TARGET	DB00788	1
DRUG	C0018099	TARGET	DB01394	1
DRUG	C0024117	TARGET	DB00332	1
DRUG	C0024117	TARGET	DB00986	1
DRUG	C0024117	TARGET	DB01274	1
DRUG	C0024117	TARGET	DB01430	1
DRUG	C0024117	TARGET	DB08897	1
DRUG	C0024117	TARGET	DB09076	1
DRUG	C0024117	TARGET	DB09080	1
DRUG	C0024117	TARGET	DB09082	1
DRUG	C0005587	TARGET	DB00334	1
DRUG	C0005587	TARGET	DB00472	1
DRUG	C0005587	TARGET	DB01142	1
DRUG	C0005587	TARGET	DB01224	1
DRUG	C0005587	TARGET	DB08815	1
DRUG	C0014869	TARGET	DB00338	1
DRUG	C0014869	TARGET	DB00585	1
DRUG	C0014869	TARGET	DB00736	1
DRUG	C0014869	TARGET	DB00927	1
DRUG	C0038358	TARGET	DB00338	1
DRUG	C0038358	TARGET	DB00448	1
DRUG	C0038358	TARGET	DB00501	1
DRUG	C0038358	TARGET	DB00517	1
DRUG	C0038358	TARGET	DB00585	1
DRUG	C0038358	TARGET	DB00863	1
DRUG	C0038358	TARGET	DB00927	1
DRUG	C0038358	TARGET	DB00940	1
DRUG	C0038358	TARGET	DB04843	1
DRUG	C0038358	TARGET	DB06723	1
DRUG	C0038358	TARGET	DB08806	1
DRUG	C0013295	TARGET	DB00338	1
DRUG	C0013295	TARGET	DB00364	1
DRUG	C0013295	TARGET	DB00448	1
DRUG	C0013295	TARGET	DB00501	1
DRUG	C0013295	TARGET	DB00585	1
DRUG	C0013295	TARGET	DB00863	1
DRUG	C0013295	TARGET	DB00927	1
DRUG	C0013295	TARGET	DB01129	1
DRUG	C0013295	TARGET	DB06723	1
DRUG	C0018621	TARGET	DB00341	1
DRUG	C0018621	TARGET	DB00366	1
DRUG	C0018621	TARGET	DB00388	1
DRUG	C0018621	TARGET	DB00397	1
DRUG	C0018621	TARGET	DB00405	1
DRUG	C0018621	TARGET	DB00427	1
DRUG	C0018621	TARGET	DB00455	1
DRUG	C0018621	TARGET	DB00620	1
DRUG	C0018621	TARGET	DB00719	1
DRUG	C0018621	TARGET	DB00748	1
DRUG	C0018621	TARGET	DB00768	1
DRUG	C0018621	TARGET	DB00835	1
DRUG	C0018621	TARGET	DB00852	1
DRUG	C0018621	TARGET	DB00950	1
DRUG	C0018621	TARGET	DB00959	1
DRUG	C0018621	TARGET	DB00967	1
DRUG	C0018621	TARGET	DB00972	1
DRUG	C0018621	TARGET	DB01069	1
DRUG	C0018621	TARGET	DB01075	1
DRUG	C0018621	TARGET	DB01114	1
DRUG	C0018621	TARGET	DB01176	1
DRUG	C0018621	TARGET	DB01364	1
DRUG	C0018621	TARGET	DB01410	1
DRUG	C0018621	TARGET	DB01620	1
DRUG	C0018621	TARGET	DB06282	1
DRUG	C0018621	TARGET	DB06691	1
DRUG	C0018621	TARGET	DB08936	1
DRUG	C0018621	TARGET	DB09488	1
DRUG	C0018621	TARGET	DB09555	1
DRUG	C1739363	TARGET	DB00346	1
DRUG	C1739363	TARGET	DB00590	1
DRUG	C1739363	TARGET	DB00706	1
DRUG	C1739363	TARGET	DB00820	1
DRUG	C1739363	TARGET	DB01126	1
DRUG	C1739363	TARGET	DB01162	1
DRUG	C1739363	TARGET	DB01216	1
DRUG	C1739363	TARGET	DB06207	1
DRUG	C0268490	TARGET	DB00348	1
DRUG	C0002170	TARGET	DB00350	1
DRUG	C0476089	TARGET	DB00351	1
DRUG	C0476089	TARGET	DB00396	1
DRUG	C0476089	TARGET	DB00603	1
DRUG	C0037299	TARGET	DB00359	1
DRUG	C0037299	TARGET	DB05245	1
DRUG	C0751434	TARGET	DB00360	1
DRUG	C3544321	TARGET	DB00363	1
DRUG	C3544321	TARGET	DB00679	1
DRUG	C0005684	TARGET	DB00385	1
DRUG	C0005684	TARGET	DB04572	1
DRUG	C0020550	TARGET	DB00389	1
DRUG	C0020550	TARGET	DB00550	1
DRUG	C0020550	TARGET	DB00763	1
DRUG	C0020550	TARGET	DB09293	1
DRUG	C0018213	TARGET	DB00389	1
DRUG	C0038525	TARGET	DB00393	1
DRUG	C0027430	TARGET	DB00394	1
DRUG	C0007134	TARGET	DB00398	1
DRUG	C0007134	TARGET	DB00877	1
DRUG	C0007134	TARGET	DB01268	1
DRUG	C0007134	TARGET	DB01590	1
DRUG	C0007134	TARGET	DB06287	1
DRUG	C0007134	TARGET	DB06589	1
DRUG	C0007134	TARGET	DB06626	1
DRUG	C0007134	TARGET	DB06824	1
DRUG	C0007134	TARGET	DB08875	1
DRUG	C2239176	TARGET	DB00398	1
DRUG	C0005586	TARGET	DB00408	1
DRUG	C0005586	TARGET	DB01224	1
DRUG	C0005586	TARGET	DB01356	1
DRUG	C0041912	TARGET	DB00417	1
DRUG	C0041912	TARGET	DB00671	1
DRUG	C0041912	TARGET	DB00833	1
DRUG	C0041912	TARGET	DB01053	1
DRUG	C0041912	TARGET	DB01150	1
DRUG	C0041912	TARGET	DB01333	1
DRUG	C0220756	TARGET	DB00419	1
DRUG	C0002994	TARGET	DB00420	1
DRUG	C0002994	TARGET	DB00443	1
DRUG	C0002994	TARGET	DB00620	1
DRUG	C0002994	TARGET	DB00635	1
DRUG	C0002994	TARGET	DB00741	1
DRUG	C0002994	TARGET	DB00860	1
DRUG	C0002994	TARGET	DB00902	1
DRUG	C0002994	TARGET	DB00959	1
DRUG	C0002994	TARGET	DB01234	1
DRUG	C0002994	TARGET	DB01246	1
DRUG	C0002994	TARGET	DB01380	1
DRUG	C0042963	TARGET	DB00420	1
DRUG	C0042963	TARGET	DB00508	1
DRUG	C0042963	TARGET	DB00662	1
DRUG	C0042963	TARGET	DB00985	1
DRUG	C0162565	TARGET	DB00420	1
DRUG	C0162565	TARGET	DB00477	1
DRUG	C0162565	TARGET	DB03404	1
DRUG	C0012734	TARGET	DB00420	1
DRUG	C0012734	TARGET	DB00477	1
DRUG	C0027497	TARGET	DB00420	1
DRUG	C0027497	TARGET	DB00508	1
DRUG	C0027497	TARGET	DB00568	1
DRUG	C0027497	TARGET	DB00662	1
DRUG	C0027497	TARGET	DB00985	1
DRUG	C0003962	TARGET	DB00421	1
DRUG	C0020428	TARGET	DB00421	1
DRUG	C0037036	TARGET	DB00424	1
DRUG	C0037036	TARGET	DB00986	1
DRUG	C0031190	TARGET	DB00435	1
DRUG	C0031190	TARGET	DB00797	1
DRUG	C0031190	TARGET	DB09152	1
DRUG	C0020542	TARGET	DB00435	1
DRUG	C0020542	TARGET	DB00559	1
DRUG	C0020542	TARGET	DB00820	1
DRUG	C0020542	TARGET	DB01240	1
DRUG	C0003868	TARGET	DB00437	1
DRUG	C0003868	TARGET	DB00443	1
DRUG	C0003868	TARGET	DB00605	1
DRUG	C0003868	TARGET	DB00620	1
DRUG	C0003868	TARGET	DB00635	1
DRUG	C0003868	TARGET	DB00741	1
DRUG	C0003868	TARGET	DB00860	1
DRUG	C0003868	TARGET	DB00959	1
DRUG	C0003868	TARGET	DB01032	1
DRUG	C0003868	TARGET	DB01234	1
DRUG	C0003868	TARGET	DB01380	1
DRUG	C0003868	TARGET	DB06168	1
DRUG	C1140680	TARGET	DB00441	1
DRUG	C1140680	TARGET	DB00488	1
DRUG	C1140680	TARGET	DB00515	1
DRUG	C1140680	TARGET	DB00958	1
DRUG	C1140680	TARGET	DB00997	1
DRUG	C1140680	TARGET	DB01005	1
DRUG	C1140680	TARGET	DB01030	1
DRUG	C1140680	TARGET	DB01042	1
DRUG	C1140680	TARGET	DB01229	1
DRUG	C1140680	TARGET	DB04572	1
DRUG	C1140680	TARGET	DB05109	1
DRUG	C1140680	TARGET	DB09074	1
DRUG	C0015397	TARGET	DB00443	1
DRUG	C0015397	TARGET	DB00620	1
DRUG	C0015397	TARGET	DB00741	1
DRUG	C0015397	TARGET	DB00860	1
DRUG	C0015397	TARGET	DB00959	1
DRUG	C0015397	TARGET	DB01234	1
DRUG	C0015397	TARGET	DB01380	1
DRUG	C0027726	TARGET	DB00443	1
DRUG	C0027726	TARGET	DB00620	1
DRUG	C0027726	TARGET	DB00635	1
DRUG	C0027726	TARGET	DB00741	1
DRUG	C0027726	TARGET	DB00860	1
DRUG	C0027726	TARGET	DB00959	1
DRUG	C0027726	TARGET	DB01234	1
DRUG	C0027726	TARGET	DB01380	1
DRUG	C0024141	TARGET	DB00443	1
DRUG	C0024141	TARGET	DB00608	1
DRUG	C0024141	TARGET	DB00620	1
DRUG	C0024141	TARGET	DB00635	1
DRUG	C0024141	TARGET	DB00741	1
DRUG	C0024141	TARGET	DB00860	1
DRUG	C0024141	TARGET	DB00959	1
DRUG	C0024141	TARGET	DB01234	1
DRUG	C0024141	TARGET	DB01380	1
DRUG	C0024141	TARGET	DB01611	1
DRUG	C0024141	TARGET	DB08879	1
DRUG	C0036202	TARGET	DB00443	1
DRUG	C0036202	TARGET	DB00620	1
DRUG	C0036202	TARGET	DB00635	1
DRUG	C0036202	TARGET	DB00741	1
DRUG	C0036202	TARGET	DB00860	1
DRUG	C0036202	TARGET	DB00959	1
DRUG	C0036202	TARGET	DB01234	1
DRUG	C0036202	TARGET	DB01380	1
DRUG	C0021390	TARGET	DB00443	1
DRUG	C0021390	TARGET	DB00620	1
DRUG	C0021390	TARGET	DB00635	1
DRUG	C0021390	TARGET	DB00741	1
DRUG	C0021390	TARGET	DB00860	1
DRUG	C0021390	TARGET	DB00959	1
DRUG	C0021390	TARGET	DB01234	1
DRUG	C0021390	TARGET	DB01380	1
DRUG	C0006114	TARGET	DB00443	1
DRUG	C0006114	TARGET	DB00620	1
DRUG	C0006114	TARGET	DB00741	1
DRUG	C0006114	TARGET	DB00742	1
DRUG	C0006114	TARGET	DB00860	1
DRUG	C0006114	TARGET	DB00959	1
DRUG	C0006114	TARGET	DB01234	1
DRUG	C0006114	TARGET	DB01380	1
DRUG	C0036830	TARGET	DB00443	1
DRUG	C0036830	TARGET	DB00620	1
DRUG	C0036830	TARGET	DB00635	1
DRUG	C0036830	TARGET	DB00741	1
DRUG	C0036830	TARGET	DB00860	1
DRUG	C0036830	TARGET	DB00959	1
DRUG	C0036830	TARGET	DB01234	1
DRUG	C0036830	TARGET	DB01380	1
DRUG	C0001627	TARGET	DB00443	1
DRUG	C0001627	TARGET	DB00620	1
DRUG	C0001627	TARGET	DB00860	1
DRUG	C0001627	TARGET	DB00959	1
DRUG	C0001627	TARGET	DB01380	1
DRUG	C0014742	TARGET	DB00443	1
DRUG	C0014742	TARGET	DB00620	1
DRUG	C0014742	TARGET	DB00635	1
DRUG	C0014742	TARGET	DB00741	1
DRUG	C0014742	TARGET	DB00860	1
DRUG	C0014742	TARGET	DB00959	1
DRUG	C0014742	TARGET	DB01234	1
DRUG	C0014742	TARGET	DB01380	1
DRUG	C0037274	TARGET	DB00443	1
DRUG	C0037274	TARGET	DB00620	1
DRUG	C0037274	TARGET	DB00635	1
DRUG	C0037274	TARGET	DB00860	1
DRUG	C0037274	TARGET	DB00959	1
DRUG	C0037274	TARGET	DB01234	1
DRUG	C0037274	TARGET	DB01380	1
DRUG	C0037274	TARGET	DB09357	1
DRUG	C0405580	TARGET	DB00443	1
DRUG	C0405580	TARGET	DB00620	1
DRUG	C0405580	TARGET	DB00635	1
DRUG	C0405580	TARGET	DB00741	1
DRUG	C0405580	TARGET	DB00860	1
DRUG	C0405580	TARGET	DB00959	1
DRUG	C0405580	TARGET	DB01234	1
DRUG	C0405580	TARGET	DB01380	1
DRUG	C0002875	TARGET	DB00443	1
DRUG	C0002875	TARGET	DB00620	1
DRUG	C0002875	TARGET	DB00635	1
DRUG	C0002875	TARGET	DB00741	1
DRUG	C0002875	TARGET	DB00860	1
DRUG	C0002875	TARGET	DB00959	1
DRUG	C0002875	TARGET	DB01234	1
DRUG	C0002875	TARGET	DB01380	1
DRUG	C0030807	TARGET	DB00443	1
DRUG	C0030807	TARGET	DB00620	1
DRUG	C0030807	TARGET	DB00635	1
DRUG	C0030807	TARGET	DB00741	1
DRUG	C0030807	TARGET	DB00860	1
DRUG	C0030807	TARGET	DB00959	1
DRUG	C0030807	TARGET	DB01234	1
DRUG	C0030807	TARGET	DB01380	1
DRUG	C0030807	TARGET	DB03793	1
DRUG	C0026948	TARGET	DB00443	1
DRUG	C0026948	TARGET	DB00531	1
DRUG	C0026948	TARGET	DB00563	1
DRUG	C0026948	TARGET	DB00570	1
DRUG	C0026948	TARGET	DB00620	1
DRUG	C0026948	TARGET	DB00635	1
DRUG	C0026948	TARGET	DB00741	1
DRUG	C0026948	TARGET	DB00860	1
DRUG	C0026948	TARGET	DB00888	1
DRUG	C0026948	TARGET	DB00959	1
DRUG	C0026948	TARGET	DB01234	1
DRUG	C0026948	TARGET	DB01380	1
DRUG	C0004364	TARGET	DB00443	1
DRUG	C0004364	TARGET	DB00620	1
DRUG	C0004364	TARGET	DB00635	1
DRUG	C0004364	TARGET	DB00741	1
DRUG	C0004364	TARGET	DB00860	1
DRUG	C0004364	TARGET	DB00959	1
DRUG	C0004364	TARGET	DB01380	1
DRUG	C0242459	TARGET	DB00443	1
DRUG	C0242459	TARGET	DB00620	1
DRUG	C0242459	TARGET	DB00635	1
DRUG	C0242459	TARGET	DB00741	1
DRUG	C0242459	TARGET	DB00860	1
DRUG	C0242459	TARGET	DB00959	1
DRUG	C0242459	TARGET	DB01234	1
DRUG	C0242459	TARGET	DB01380	1
DRUG	C0002880	TARGET	DB00443	1
DRUG	C0002880	TARGET	DB00620	1
DRUG	C0002880	TARGET	DB00635	1
DRUG	C0002880	TARGET	DB00741	1
DRUG	C0002880	TARGET	DB00860	1
DRUG	C0002880	TARGET	DB00959	1
DRUG	C0002880	TARGET	DB01234	1
DRUG	C0002880	TARGET	DB01380	1
DRUG	C0001403	TARGET	DB00443	1
DRUG	C0001403	TARGET	DB00620	1
DRUG	C0001403	TARGET	DB00635	1
DRUG	C0001403	TARGET	DB00687	1
DRUG	C0001403	TARGET	DB00741	1
DRUG	C0001403	TARGET	DB00860	1
DRUG	C0001403	TARGET	DB00959	1
DRUG	C0001403	TARGET	DB01234	1
DRUG	C0001403	TARGET	DB01380	1
DRUG	C1260899	TARGET	DB00443	1
DRUG	C1260899	TARGET	DB00620	1
DRUG	C1260899	TARGET	DB00635	1
DRUG	C1260899	TARGET	DB00741	1
DRUG	C1260899	TARGET	DB00858	1
DRUG	C1260899	TARGET	DB00860	1
DRUG	C1260899	TARGET	DB00959	1
DRUG	C1260899	TARGET	DB01234	1
DRUG	C1260899	TARGET	DB01380	1
DRUG	C1260899	TARGET	DB06412	1
DRUG	C0033860	TARGET	DB00443	1
DRUG	C0033860	TARGET	DB00459	1
DRUG	C0033860	TARGET	DB00563	1
DRUG	C0033860	TARGET	DB00620	1
DRUG	C0033860	TARGET	DB00635	1
DRUG	C0033860	TARGET	DB00741	1
DRUG	C0033860	TARGET	DB00799	1
DRUG	C0033860	TARGET	DB00860	1
DRUG	C0033860	TARGET	DB00959	1
DRUG	C0033860	TARGET	DB01234	1
DRUG	C0033860	TARGET	DB01380	1
DRUG	C0033860	TARGET	DB05679	1
DRUG	C0005138	TARGET	DB00443	1
DRUG	C0005138	TARGET	DB00620	1
DRUG	C0005138	TARGET	DB00635	1
DRUG	C0005138	TARGET	DB00741	1
DRUG	C0005138	TARGET	DB00860	1
DRUG	C0005138	TARGET	DB00959	1
DRUG	C0005138	TARGET	DB01234	1
DRUG	C0005138	TARGET	DB01380	1
DRUG	C0678222	TARGET	DB00445	1
DRUG	C0678222	TARGET	DB00997	1
DRUG	C0678222	TARGET	DB01229	1
DRUG	C0678222	TARGET	DB01248	1
DRUG	C0678222	TARGET	DB01590	1
DRUG	C0678222	TARGET	DB04845	1
DRUG	C0041466	TARGET	DB00446	1
DRUG	C0041466	TARGET	DB00537	1
DRUG	C0041466	TARGET	DB01059	1
DRUG	C0041466	TARGET	DB01165	1
DRUG	C0677607	TARGET	DB00451	1
DRUG	C0600518	TARGET	DB00460	1
DRUG	C0022104	TARGET	DB00462	1
DRUG	C0022104	TARGET	DB00475	1
DRUG	C0022104	TARGET	DB00725	1
DRUG	C0022104	TARGET	DB00747	1
DRUG	C0022104	TARGET	DB00771	1
DRUG	C0022104	TARGET	DB00804	1
DRUG	C0022104	TARGET	DB08890	1
DRUG	C0042345	TARGET	DB00464	1
DRUG	C0042345	TARGET	DB06811	1
DRUG	C0003864	TARGET	DB00469	1
DRUG	C0001957	TARGET	DB00475	1
DRUG	C0001957	TARGET	DB00829	1
DRUG	C0001957	TARGET	DB00842	1
DRUG	C0236663	TARGET	DB00475	1
DRUG	C0236663	TARGET	DB00628	1
DRUG	C0236663	TARGET	DB00829	1
DRUG	C1692886	TARGET	DB00493	1
DRUG	C1692886	TARGET	DB01212	1
DRUG	C0033578	TARGET	DB00499	1
DRUG	C0033578	TARGET	DB01196	1
DRUG	C0018834	TARGET	DB00501	1
DRUG	C0018834	TARGET	DB00585	1
DRUG	C0018834	TARGET	DB00863	1
DRUG	C0018834	TARGET	DB00927	1
DRUG	C0018834	TARGET	DB06723	1
DRUG	C0018834	TARGET	DB09087	1
DRUG	C0018834	TARGET	DB09104	1
DRUG	C0018834	TARGET	DB09154	1
DRUG	C0018834	TARGET	DB09281	1
DRUG	C0018834	TARGET	DB09481	1
DRUG	C0221013	TARGET	DB00501	1
DRUG	C0221013	TARGET	DB00619	1
DRUG	C0221013	TARGET	DB01003	1
DRUG	C0221013	TARGET	DB01129	1
DRUG	C0221765	TARGET	DB00502	1
DRUG	C0221765	TARGET	DB06288	1
DRUG	C0040517	TARGET	DB00502	1
DRUG	C0040517	TARGET	DB01100	1
DRUG	C0038160	TARGET	DB00512	1
DRUG	C0038160	TARGET	DB00607	1
DRUG	C0038160	TARGET	DB00713	1
DRUG	C0024299	TARGET	DB00531	1
DRUG	C0027819	TARGET	DB00531	1
DRUG	C0027819	TARGET	DB00541	1
DRUG	C0027819	TARGET	DB00997	1
DRUG	C0027819	TARGET	DB09077	1
DRUG	C0035335	TARGET	DB00531	1
DRUG	C0022972	TARGET	DB00536	1
DRUG	C0010692	TARGET	DB00537	1
DRUG	C0010692	TARGET	DB01059	1
DRUG	C0010692	TARGET	DB01165	1
DRUG	C0010692	TARGET	DB06756	1
DRUG	C0033581	TARGET	DB00537	1
DRUG	C0033581	TARGET	DB00567	1
DRUG	C0033581	TARGET	DB00578	1
DRUG	C0033581	TARGET	DB01059	1
DRUG	C0033581	TARGET	DB01165	1
DRUG	C0033581	TARGET	DB01333	1
DRUG	C1720797	TARGET	DB00537	1
DRUG	C1720797	TARGET	DB00685	1
DRUG	C1720797	TARGET	DB01059	1
DRUG	C1720797	TARGET	DB01165	1
DRUG	C0035412	TARGET	DB00541	1
DRUG	C0035412	TARGET	DB00970	1
DRUG	C0027708	TARGET	DB00541	1
DRUG	C0027708	TARGET	DB00970	1
DRUG	C0027708	TARGET	DB00997	1
DRUG	C0006413	TARGET	DB00541	1
DRUG	C0006413	TARGET	DB00563	1
DRUG	C0006413	TARGET	DB00997	1
DRUG	C0006413	TARGET	DB01234	1
DRUG	C0024623	TARGET	DB00544	1
DRUG	C0024623	TARGET	DB01101	1
DRUG	C0024623	TARGET	DB01248	1
DRUG	C0024623	TARGET	DB03209	1
DRUG	C0024623	TARGET	DB09256	1
DRUG	C0024623	TARGET	DB09257	1
DRUG	C0026896	TARGET	DB00545	1
DRUG	C0026896	TARGET	DB01122	1
DRUG	C0026896	TARGET	DB01400	1
DRUG	C0042900	TARGET	DB00553	1
DRUG	C0042900	TARGET	DB04571	1
DRUG	C0011644	TARGET	DB00559	1
DRUG	C0011644	TARGET	DB03793	1
DRUG	C0235063	TARGET	DB00561	1
DRUG	C1135868	TARGET	DB00563	1
DRUG	C1135868	TARGET	DB00570	1
DRUG	C1135868	TARGET	DB00970	1
DRUG	C0040997	TARGET	DB00564	1
DRUG	C0524702	TARGET	DB00569	1
DRUG	C0149871	TARGET	DB00569	1
DRUG	C0149871	TARGET	DB00682	1
DRUG	C0149871	TARGET	DB01109	1
DRUG	C0149871	TARGET	DB01225	1
DRUG	C0149871	TARGET	DB09258	1
DRUG	C0153594	TARGET	DB00570	1
DRUG	C0036220	TARGET	DB00570	1
DRUG	C0036220	TARGET	DB00694	1
DRUG	C0036220	TARGET	DB00997	1
DRUG	C0036220	TARGET	DB01229	1
DRUG	C0700053	TARGET	DB00571	1
DRUG	C0007194	TARGET	DB00571	1
DRUG	C0018916	TARGET	DB00571	1
DRUG	C0019151	TARGET	DB00581	1
DRUG	C0019151	TARGET	DB00994	1
DRUG	C0019151	TARGET	DB01220	1
DRUG	C0220994	TARGET	DB00581	1
DRUG	C0220994	TARGET	DB03793	1
DRUG	C0220994	TARGET	DB09269	1
DRUG	C0009806	TARGET	DB00581	1
DRUG	C0009806	TARGET	DB00653	1
DRUG	C0009806	TARGET	DB00761	1
DRUG	C0009806	TARGET	DB01377	1
DRUG	C0009806	TARGET	DB02659	1
DRUG	C0009806	TARGET	DB06480	1
DRUG	C0009806	TARGET	DB09020	1
DRUG	C0009806	TARGET	DB09104	1
DRUG	C0009806	TARGET	DB09127	1
DRUG	C0009806	TARGET	DB09287	1
DRUG	C0009806	TARGET	DB09449	1
DRUG	C0009806	TARGET	DB09462	1
DRUG	C0009806	TARGET	DB09468	1
DRUG	C0009806	TARGET	DB09469	1
DRUG	C0009806	TARGET	DB09481	1
DRUG	C0009806	TARGET	DB11365	1
DRUG	C0018802	TARGET	DB00584	1
DRUG	C0018802	TARGET	DB00922	1
DRUG	C0018802	TARGET	DB09477	1
DRUG	C0409959	TARGET	DB00586	1
DRUG	C0002453	TARGET	DB00589	1
DRUG	C0002453	TARGET	DB00644	1
DRUG	C0025218	TARGET	DB00591	1
DRUG	C0025218	TARGET	DB00755	1
DRUG	C0025218	TARGET	DB09496	1
DRUG	C0025218	TARGET	DB09526	1
DRUG	C0023472	TARGET	DB00619	1
DRUG	C0023472	TARGET	DB01254	1
DRUG	C0023472	TARGET	DB04868	1
DRUG	C0023472	TARGET	DB06616	1
DRUG	C0005699	TARGET	DB00619	1
DRUG	C0005699	TARGET	DB01254	1
DRUG	C0005699	TARGET	DB06616	1
DRUG	C0346421	TARGET	DB00619	1
DRUG	C0392784	TARGET	DB00619	1
DRUG	C0206141	TARGET	DB00619	1
DRUG	C0238198	TARGET	DB00619	1
DRUG	C0238198	TARGET	DB01268	1
DRUG	C0238198	TARGET	DB08896	1
DRUG	C0039483	TARGET	DB00620	1
DRUG	C0039483	TARGET	DB00860	1
DRUG	C0022548	TARGET	DB00620	1
DRUG	C0022548	TARGET	DB01234	1
DRUG	C0022548	TARGET	DB07615	1
DRUG	C0002171	TARGET	DB00620	1
DRUG	C0948896	TARGET	DB00624	1
DRUG	C0271623	TARGET	DB00624	1
DRUG	C0010417	TARGET	DB00624	1
DRUG	C0010417	TARGET	DB01185	1
DRUG	C0010417	TARGET	DB01420	1
DRUG	C0034012	TARGET	DB00624	1
DRUG	C0034012	TARGET	DB01185	1
DRUG	C0034012	TARGET	DB01420	1
DRUG	C0034012	TARGET	DB06710	1
DRUG	C0020635	TARGET	DB00624	1
DRUG	C0022568	TARGET	DB00626	1
DRUG	C0022568	TARGET	DB00741	1
DRUG	C0022568	TARGET	DB00781	1
DRUG	C0022568	TARGET	DB00860	1
DRUG	C0022568	TARGET	DB00994	1
DRUG	C0022568	TARGET	DB01234	1
DRUG	C0022568	TARGET	DB01380	1
DRUG	C0342881	TARGET	DB00641	1
DRUG	C0342881	TARGET	DB00973	1
DRUG	C0342881	TARGET	DB01076	1
DRUG	C0342881	TARGET	DB01098	1
DRUG	C0342881	TARGET	DB05528	1
DRUG	C0342881	TARGET	DB08827	1
DRUG	C0342881	TARGET	DB09303	1
DRUG	C0040954	TARGET	DB00643	1
DRUG	C0040954	TARGET	DB00730	1
DRUG	C0002888	TARGET	DB00650	1
DRUG	C0002888	TARGET	DB11596	1
DRUG	C0008677	TARGET	DB00651	1
DRUG	C0008677	TARGET	DB01274	1
DRUG	C0008677	TARGET	DB01409	1
DRUG	C0008677	TARGET	DB09082	1
DRUG	C0151723	TARGET	DB00653	1
DRUG	C0151723	TARGET	DB01377	1
DRUG	C0151723	TARGET	DB09407	1
DRUG	C0151723	TARGET	DB09481	1
DRUG	C0001973	TARGET	DB00659	1
DRUG	C0001973	TARGET	DB00704	1
DRUG	C0001973	TARGET	DB00822	1
DRUG	C0002792	TARGET	DB00668	1
DRUG	C0013404	TARGET	DB00668	1
DRUG	C0043144	TARGET	DB00668	1
DRUG	C0002395	TARGET	DB00674	1
DRUG	C0002395	TARGET	DB00843	1
DRUG	C0002395	TARGET	DB00989	1
DRUG	C1134719	TARGET	DB00675	1
DRUG	C0011881	TARGET	DB00678	1
DRUG	C0011881	TARGET	DB01029	1
DRUG	C0011881	TARGET	DB01197	1
DRUG	C0004030	TARGET	DB00681	1
DRUG	C0004030	TARGET	DB01167	1
DRUG	C0004030	TARGET	DB01263	1
DRUG	C0004030	TARGET	DB06636	1
DRUG	C0023290	TARGET	DB00681	1
DRUG	C0023290	TARGET	DB09031	1
DRUG	C0006840	TARGET	DB00681	1
DRUG	C0006840	TARGET	DB01263	1
DRUG	C0023281	TARGET	DB00681	1
DRUG	C0023281	TARGET	DB05630	1
DRUG	C0282488	TARGET	DB00686	1
DRUG	C0282488	TARGET	DB01093	1
DRUG	C0085096	TARGET	DB00692	1
DRUG	C0085096	TARGET	DB00806	1
DRUG	C0085096	TARGET	DB01113	1
DRUG	C0085096	TARGET	DB08816	1
DRUG	C0031511	TARGET	DB00692	1
DRUG	C0031511	TARGET	DB00765	1
DRUG	C0031511	TARGET	DB00925	1
DRUG	C0023487	TARGET	DB00694	1
DRUG	C0023487	TARGET	DB00755	1
DRUG	C0023487	TARGET	DB00987	1
DRUG	C0023487	TARGET	DB01033	1
DRUG	C0023487	TARGET	DB01169	1
DRUG	C0023487	TARGET	DB01177	1
DRUG	C0023487	TARGET	DB04942	1
DRUG	C0023465	TARGET	DB00694	1
DRUG	C0023440	TARGET	DB00694	1
DRUG	C0017605	TARGET	DB00703	1
DRUG	C0017605	TARGET	DB00819	1
DRUG	C0017605	TARGET	DB01144	1
DRUG	C0546837	TARGET	DB00707	1
DRUG	C0030201	TARGET	DB00708	1
DRUG	C0020437	TARGET	DB00710	1
DRUG	C0020437	TARGET	DB00974	1
DRUG	C1527407	TARGET	DB00711	1
DRUG	C1527407	TARGET	DB00860	1
DRUG	C1527407	TARGET	DB06612	1
DRUG	C0700359	TARGET	DB00733	1
DRUG	C0004352	TARGET	DB00734	1
DRUG	C0004352	TARGET	DB01238	1
DRUG	C0002736	TARGET	DB00740	1
DRUG	C0039685	TARGET	DB00770	1
DRUG	C0014356	TARGET	DB00771	1
DRUG	C0149925	TARGET	DB00773	1
DRUG	C0149925	TARGET	DB00997	1
DRUG	C0149925	TARGET	DB01030	1
DRUG	C0276226	TARGET	DB00787	1
DRUG	C0019348	TARGET	DB00787	1
DRUG	C0032463	TARGET	DB00791	1
DRUG	C0007820	TARGET	DB00797	1
DRUG	C0007820	TARGET	DB08941	1
DRUG	C0042373	TARGET	DB00797	1
DRUG	C0042373	TARGET	DB08941	1
DRUG	C0854135	TARGET	DB00803	1
DRUG	C0854135	TARGET	DB01111	1
DRUG	C0036980	TARGET	DB00841	1
DRUG	C1961112	TARGET	DB00841	1
DRUG	C0085652	TARGET	DB00845	1
DRUG	C2931187	TARGET	DB00847	1
DRUG	C0334579	TARGET	DB00853	1
DRUG	C0002874	TARGET	DB00858	1
DRUG	C0002874	TARGET	DB06412	1
DRUG	C0178416	TARGET	DB00858	1
DRUG	C0178416	TARGET	DB06412	1
DRUG	C0019202	TARGET	DB00859	1
DRUG	C0019202	TARGET	DB06824	1
DRUG	C0010691	TARGET	DB00859	1
DRUG	C0010691	TARGET	DB06823	1
DRUG	C1527336	TARGET	DB00860	1
DRUG	C0038325	TARGET	DB00860	1
DRUG	C0038325	TARGET	DB01285	1
DRUG	C0002390	TARGET	DB00860	1
DRUG	C0034069	TARGET	DB00860	1
DRUG	C0022876	TARGET	DB00867	1
DRUG	C0020625	TARGET	DB00872	1
DRUG	C0020625	TARGET	DB06212	1
DRUG	C0021361	TARGET	DB00882	1
DRUG	C0524662	TARGET	DB00921	1
DRUG	C0524662	TARGET	DB01183	1
DRUG	C0524662	TARGET	DB01227	1
DRUG	C0524662	TARGET	DB01433	1
DRUG	C0032290	TARGET	DB00948	1
DRUG	C0032290	TARGET	DB01061	1
DRUG	C0032290	TARGET	DB01190	1
DRUG	C0032290	TARGET	DB01607	1
DRUG	C0035457	TARGET	DB00959	1
DRUG	C0021603	TARGET	DB00962	1
DRUG	C0021603	TARGET	DB01065	1
DRUG	C0553580	TARGET	DB00970	1
DRUG	C0342907	TARGET	DB00973	1
DRUG	C0600177	TARGET	DB00988	1
DRUG	C0600177	TARGET	DB01064	1
DRUG	C0276535	TARGET	DB00997	1
DRUG	C0002895	TARGET	DB01005	1
DRUG	C0031099	TARGET	DB01017	1
DRUG	C0080274	TARGET	DB01019	1
DRUG	C0080274	TARGET	DB01400	1
DRUG	C3203356	TARGET	DB01022	1
DRUG	C0497327	TARGET	DB01049	1
DRUG	C0017601	TARGET	DB01057	1
DRUG	C0017601	TARGET	DB08808	1
DRUG	C0271093	TARGET	DB01057	1
DRUG	C0029106	TARGET	DB01058	1
DRUG	C0036323	TARGET	DB01058	1
DRUG	C0036323	TARGET	DB01096	1
DRUG	C0034186	TARGET	DB01059	1
DRUG	C0034186	TARGET	DB01137	1
DRUG	C0034186	TARGET	DB01165	1
DRUG	C0034186	TARGET	DB06211	1
DRUG	C0034186	TARGET	DB09060	1
DRUG	C0005697	TARGET	DB01062	1
DRUG	C0004245	TARGET	DB01064	1
DRUG	C0020683	TARGET	DB01064	1
DRUG	C0039621	TARGET	DB01070	1
DRUG	C0029396	TARGET	DB01077	1
DRUG	C0037769	TARGET	DB01080	1
DRUG	C0037769	TARGET	DB01285	1
DRUG	C0012739	TARGET	DB01109	1
DRUG	C0034063	TARGET	DB01116	1
DRUG	C0042510	TARGET	DB01118	1
DRUG	C0042510	TARGET	DB01158	1
DRUG	C0020459	TARGET	DB01119	1
DRUG	C0021670	TARGET	DB01119	1
DRUG	C0270458	TARGET	DB01142	1
DRUG	C0085159	TARGET	DB01156	1
DRUG	C0023479	TARGET	DB01169	1
DRUG	C0235480	TARGET	DB01182	1
DRUG	C0235480	TARGET	DB01195	1
DRUG	C0235480	TARGET	DB04855	1
DRUG	C0028326	TARGET	DB01185	1
DRUG	C2936781	TARGET	DB01185	1
DRUG	C0151636	TARGET	DB01193	1
DRUG	C0151636	TARGET	DB01228	1
DRUG	C0006118	TARGET	DB01206	1
DRUG	C4083212	TARGET	DB01216	1
DRUG	C0024591	TARGET	DB01219	1
DRUG	C0376358	TARGET	DB01248	1
DRUG	C0376358	TARGET	DB05812	1
DRUG	C0376358	TARGET	DB08899	1
DRUG	C0376358	TARGET	DB08913	1
DRUG	C0596170	TARGET	DB01255	1
DRUG	C0024790	TARGET	DB01257	1
DRUG	C0036337	TARGET	DB01267	1
DRUG	C0011884	TARGET	DB01270	1
DRUG	C0026705	TARGET	DB01271	1
DRUG	C0342751	TARGET	DB01272	1
DRUG	C0271568	TARGET	DB01277	1
DRUG	C0026709	TARGET	DB01279	1
DRUG	C1961099	TARGET	DB01280	1
DRUG	C0031069	TARGET	DB01394	1
DRUG	C0031069	TARGET	DB06168	1
DRUG	C0020502	TARGET	DB01436	1
DRUG	C0751362	TARGET	DB01440	1
DRUG	C0751362	TARGET	DB09072	1
DRUG	C0751362	TARGET	DB09185	1
DRUG	C0008350	TARGET	DB01586	1
DRUG	C0008350	TARGET	DB02659	1
DRUG	C0008350	TARGET	DB06777	1
DRUG	C0008312	TARGET	DB01586	1
DRUG	C0041341	TARGET	DB01590	1
DRUG	C0005283	TARGET	DB01609	1
DRUG	C0005283	TARGET	DB08826	1
DRUG	C0032269	TARGET	DB01627	1
DRUG	C0032269	TARGET	DB02703	1
DRUG	C0238052	TARGET	DB02659	1
DRUG	C0011633	TARGET	DB03793	1
DRUG	C1527383	TARGET	DB03793	1
DRUG	C0035220	TARGET	DB04897	1
DRUG	C0035220	TARGET	DB06415	1
DRUG	C0035220	TARGET	DB06439	1
DRUG	C0035220	TARGET	DB06761	1
DRUG	C0035220	TARGET	DB09113	1
DRUG	C0035220	TARGET	DB09114	1
DRUG	C0020594	TARGET	DB04908	1
DRUG	C0162568	TARGET	DB04931	1
DRUG	C0019156	TARGET	DB04932	1
DRUG	C0079774	TARGET	DB05015	1
DRUG	C0079774	TARGET	DB06176	1
DRUG	C0079774	TARGET	DB06813	1
DRUG	C0013264	TARGET	DB05016	1
DRUG	C0023827	TARGET	DB05109	1
DRUG	C0023827	TARGET	DB08871	1
DRUG	C0023269	TARGET	DB05109	1
DRUG	C0019243	TARGET	DB05311	1
DRUG	C0019243	TARGET	DB06196	1
DRUG	C0019243	TARGET	DB06718	1
DRUG	C0278701	TARGET	DB05578	1
DRUG	C1384600	TARGET	DB06168	1
DRUG	C0342731	TARGET	DB06168	1
DRUG	C1275126	TARGET	DB06168	1
DRUG	C0021141	TARGET	DB06212	1
DRUG	C0085413	TARGET	DB06212	1
DRUG	C0017531	TARGET	DB06273	1
DRUG	C0017531	TARGET	DB09036	1
DRUG	C1261473	TARGET	DB06589	1
DRUG	C0019080	TARGET	DB06692	1
DRUG	C0025281	TARGET	DB06698	1
DRUG	C0019880	TARGET	DB06756	1
DRUG	C1283620	TARGET	DB06760	1
DRUG	C0311375	TARGET	DB06782	1
DRUG	C0751753	TARGET	DB06819	1
DRUG	C0175683	TARGET	DB06819	1
DRUG	C0035243	TARGET	DB08795	1
DRUG	C0282193	TARGET	DB08826	1
DRUG	C0007117	TARGET	DB08828	1
DRUG	C0007117	TARGET	DB09143	1
DRUG	C0042133	TARGET	DB08867	1
DRUG	C0238462	TARGET	DB08875	1
DRUG	C0027022	TARGET	DB08877	1
DRUG	C0026987	TARGET	DB08877	1
DRUG	C0034734	TARGET	DB08941	1
DRUG	C0034734	TARGET	DB09205	1
DRUG	C0003469	TARGET	DB09014	1
DRUG	C0023283	TARGET	DB09031	1
DRUG	C1328252	TARGET	DB09031	1
DRUG	C0149782	TARGET	DB09035	1
DRUG	C0221032	TARGET	DB09046	1
DRUG	C0220989	TARGET	DB09046	1
DRUG	C0086651	TARGET	DB09051	1
DRUG	C0024419	TARGET	DB09053	1
DRUG	C0855095	TARGET	DB09054	1
DRUG	C0341823	TARGET	DB09074	1
DRUG	C0013922	TARGET	DB09075	1
DRUG	C0206682	TARGET	DB09078	1
DRUG	C0238463	TARGET	DB09078	1
DRUG	C0085786	TARGET	DB09079	1
DRUG	C0917796	TARGET	DB09081	1
DRUG	C0020630	TARGET	DB09105	1
DRUG	C0751122	TARGET	DB09118	1
DRUG	C0001126	TARGET	DB09125	1
DRUG	C0220987	TARGET	DB09144	1
DRUG	C0085681	TARGET	DB09146	1
DRUG	C0085681	TARGET	DB09162	1
DRUG	C0398775	TARGET	DB09228	1
DRUG	C0004153	TARGET	DB09302	1
DRUG	C0022354	TARGET	DB09332	1
DRUG	C0152020	TARGET	DB09357	1
DRUG	C0030446	TARGET	DB09357	1
DRUG	C0013595	TARGET	DB09357	1
DRUG	C0043208	TARGET	DB11563	1
DRUG	C0007138	TARGET	DB11595	1
DRUG	C0272325	TARGET	DB11606	1
